query,sra_uid,run,bioproject,study_acc,study_name,biosample,title,organism,strategy,selection,source,total_bases,total_spots,experiment_size_gb,is_public,static_data_available,download
dlbcl_human_wgs,37844146,SRR32860424,PRJNA1240896,SRP573127,SNHG29 Interacts with CYLD via Mitochondrial Ribosomal Proteins to Reverse Rituximab Resistance in DLBCL,SAMN47575482,ATAC-Seq of B-lymphoma cell line,Homo sapiens,ATAC-seq,other,GENOMIC,26459027700,88196759,8.292,true,true,https://trace.ncbi.nlm.nih.gov/Traces/sra-reads-be/fastq?acc=SRR32860424
dlbcl_human_wgs,37844145,SRR32860425,PRJNA1240896,SRP573127,SNHG29 Interacts with CYLD via Mitochondrial Ribosomal Proteins to Reverse Rituximab Resistance in DLBCL,SAMN47575483,ATAC-Seq of B-lymphoma cell line,Homo sapiens,ATAC-seq,other,GENOMIC,23440925100,78136417,7.559,true,true,https://trace.ncbi.nlm.nih.gov/Traces/sra-reads-be/fastq?acc=SRR32860425
dlbcl_human_wgs,37825185,SRR32842146,PRJNA1240915,SRP572814,SNHG29 Interacts with CYLD via Mitochondrial Ribosomal Proteins to Reverse Rituximab Resistance in DLBCL,SAMN47543547,D,Homo sapiens,RNA-Seq,Oligo-dT,TRANSCRIPTOMIC,6621923100,22073077,2.134,true,true,https://trace.ncbi.nlm.nih.gov/Traces/sra-reads-be/fastq?acc=SRR32842146
dlbcl_human_wgs,37825184,SRR32842147,PRJNA1240915,SRP572814,SNHG29 Interacts with CYLD via Mitochondrial Ribosomal Proteins to Reverse Rituximab Resistance in DLBCL,SAMN47543546,C,Homo sapiens,RNA-Seq,Oligo-dT,TRANSCRIPTOMIC,6388249800,21294166,2.074,true,true,https://trace.ncbi.nlm.nih.gov/Traces/sra-reads-be/fastq?acc=SRR32842147
dlbcl_human_wgs,37825183,SRR32842148,PRJNA1240915,SRP572814,SNHG29 Interacts with CYLD via Mitochondrial Ribosomal Proteins to Reverse Rituximab Resistance in DLBCL,SAMN47543545,B,Homo sapiens,RNA-Seq,Oligo-dT,TRANSCRIPTOMIC,6071045100,20236817,1.928,true,true,https://trace.ncbi.nlm.nih.gov/Traces/sra-reads-be/fastq?acc=SRR32842148
dlbcl_human_wgs,37825182,SRR32842149,PRJNA1240915,SRP572814,SNHG29 Interacts with CYLD via Mitochondrial Ribosomal Proteins to Reverse Rituximab Resistance in DLBCL,SAMN47543544,A,Homo sapiens,RNA-Seq,Oligo-dT,TRANSCRIPTOMIC,6494806800,21649356,2.08,true,true,https://trace.ncbi.nlm.nih.gov/Traces/sra-reads-be/fastq?acc=SRR32842149
dlbcl_human_wgs,30100867,SRR26443791,PRJNA1029929,SRP467399,Homo sapiens Raw sequence reads,SAMN37886139,Antitumor efficacy of sequence specific DNA-targeted gamma PNA based cMyc inhibitor,Homo sapiens,RNA-Seq,Oligo-dT,TRANSCRIPTOMIC,2129354518,10541359,0.718,true,true,https://trace.ncbi.nlm.nih.gov/Traces/sra-reads-be/fastq?acc=SRR26443791
dlbcl_human_wgs,30100866,SRR26443792,PRJNA1029929,SRP467399,Homo sapiens Raw sequence reads,SAMN37886138,Antitumor efficacy of sequence specific DNA-targeted gamma PNA based cMyc inhibitor,Homo sapiens,RNA-Seq,Oligo-dT,TRANSCRIPTOMIC,1902078056,9416228,0.646,true,true,https://trace.ncbi.nlm.nih.gov/Traces/sra-reads-be/fastq?acc=SRR26443792
dlbcl_human_wgs,30100865,SRR26443793,PRJNA1029929,SRP467399,Homo sapiens Raw sequence reads,SAMN37886137,Antitumor efficacy of sequence specific DNA-targeted gamma PNA based cMyc inhibitor,Homo sapiens,RNA-Seq,Oligo-dT,TRANSCRIPTOMIC,1792935840,8875920,0.609,true,true,https://trace.ncbi.nlm.nih.gov/Traces/sra-reads-be/fastq?acc=SRR26443793
dlbcl_human_wgs,30100864,SRR26443794,PRJNA1029929,SRP467399,Homo sapiens Raw sequence reads,SAMN37886136,Antitumor efficacy of sequence specific DNA-targeted gamma PNA based cMyc inhibitor,Homo sapiens,RNA-Seq,Oligo-dT,TRANSCRIPTOMIC,1806280970,8941985,0.623,true,true,https://trace.ncbi.nlm.nih.gov/Traces/sra-reads-be/fastq?acc=SRR26443794
dlbcl_human_wgs,30100863,SRR26443795,PRJNA1029929,SRP467399,Homo sapiens Raw sequence reads,SAMN37886135,Antitumor efficacy of sequence specific DNA-targeted gamma PNA based cMyc inhibitor,Homo sapiens,RNA-Seq,Oligo-dT,TRANSCRIPTOMIC,1962357078,9714639,0.677,true,true,https://trace.ncbi.nlm.nih.gov/Traces/sra-reads-be/fastq?acc=SRR26443795
dlbcl_human_wgs,30100862,SRR26443796,PRJNA1029929,SRP467399,Homo sapiens Raw sequence reads,SAMN37886134,Antitumor efficacy of sequence specific DNA-targeted gamma PNA based cMyc inhibitor,Homo sapiens,RNA-Seq,Oligo-dT,TRANSCRIPTOMIC,2052605830,10161415,0.693,true,true,https://trace.ncbi.nlm.nih.gov/Traces/sra-reads-be/fastq?acc=SRR26443796
dlbcl_human_wgs,30100861,SRR26443797,PRJNA1029929,SRP467399,Homo sapiens Raw sequence reads,SAMN37886133,Antitumor efficacy of sequence specific DNA-targeted gamma PNA based cMyc inhibitor,Homo sapiens,RNA-Seq,Oligo-dT,TRANSCRIPTOMIC,1813961414,8980007,0.611,true,true,https://trace.ncbi.nlm.nih.gov/Traces/sra-reads-be/fastq?acc=SRR26443797
dlbcl_human_wgs,30100860,SRR26443798,PRJNA1029929,SRP467399,Homo sapiens Raw sequence reads,SAMN37886153,Antitumor efficacy of sequence specific DNA-targeted gamma PNA based cMyc inhibitor,Homo sapiens,RNA-Seq,Oligo-dT,TRANSCRIPTOMIC,7405536861,27542615,2.495,true,true,https://trace.ncbi.nlm.nih.gov/Traces/sra-reads-be/fastq?acc=SRR26443798
dlbcl_human_wgs,30100859,SRR26443799,PRJNA1029929,SRP467399,Homo sapiens Raw sequence reads,SAMN37886152,Antitumor efficacy of sequence specific DNA-targeted gamma PNA based cMyc inhibitor,Homo sapiens,RNA-Seq,Oligo-dT,TRANSCRIPTOMIC,7073957671,25547118,2.582,true,true,https://trace.ncbi.nlm.nih.gov/Traces/sra-reads-be/fastq?acc=SRR26443799
dlbcl_human_wgs,30100858,SRR26443800,PRJNA1029929,SRP467399,Homo sapiens Raw sequence reads,SAMN37886151,Antitumor efficacy of sequence specific DNA-targeted gamma PNA based cMyc inhibitor,Homo sapiens,RNA-Seq,Oligo-dT,TRANSCRIPTOMIC,6832880746,24390067,2.304,true,true,https://trace.ncbi.nlm.nih.gov/Traces/sra-reads-be/fastq?acc=SRR26443800
dlbcl_human_wgs,30100857,SRR26443801,PRJNA1029929,SRP467399,Homo sapiens Raw sequence reads,SAMN37886150,Antitumor efficacy of sequence specific DNA-targeted gamma PNA based cMyc inhibitor,Homo sapiens,RNA-Seq,Oligo-dT,TRANSCRIPTOMIC,7594907163,27332938,2.545,true,true,https://trace.ncbi.nlm.nih.gov/Traces/sra-reads-be/fastq?acc=SRR26443801
dlbcl_human_wgs,30100856,SRR26443802,PRJNA1029929,SRP467399,Homo sapiens Raw sequence reads,SAMN37886132,Antitumor efficacy of sequence specific DNA-targeted gamma PNA based cMyc inhibitor,Homo sapiens,RNA-Seq,Oligo-dT,TRANSCRIPTOMIC,2115159170,10471085,0.727,true,true,https://trace.ncbi.nlm.nih.gov/Traces/sra-reads-be/fastq?acc=SRR26443802
dlbcl_human_wgs,30100855,SRR26443803,PRJNA1029929,SRP467399,Homo sapiens Raw sequence reads,SAMN37886149,Antitumor efficacy of sequence specific DNA-targeted gamma PNA based cMyc inhibitor,Homo sapiens,RNA-Seq,Oligo-dT,TRANSCRIPTOMIC,3160145983,15863804,1.032,true,true,https://trace.ncbi.nlm.nih.gov/Traces/sra-reads-be/fastq?acc=SRR26443803
dlbcl_human_wgs,30100854,SRR26443804,PRJNA1029929,SRP467399,Homo sapiens Raw sequence reads,SAMN37886148,Antitumor efficacy of sequence specific DNA-targeted gamma PNA based cMyc inhibitor,Homo sapiens,RNA-Seq,Oligo-dT,TRANSCRIPTOMIC,2771658858,13930581,0.888,true,true,https://trace.ncbi.nlm.nih.gov/Traces/sra-reads-be/fastq?acc=SRR26443804
dlbcl_human_wgs,30100853,SRR26443805,PRJNA1029929,SRP467399,Homo sapiens Raw sequence reads,SAMN37886147,Antitumor efficacy of sequence specific DNA-targeted gamma PNA based cMyc inhibitor,Homo sapiens,RNA-Seq,Oligo-dT,TRANSCRIPTOMIC,7259331441,26095366,2.399,true,true,https://trace.ncbi.nlm.nih.gov/Traces/sra-reads-be/fastq?acc=SRR26443805
dlbcl_human_wgs,30100852,SRR26443806,PRJNA1029929,SRP467399,Homo sapiens Raw sequence reads,SAMN37886146,Antitumor efficacy of sequence specific DNA-targeted gamma PNA based cMyc inhibitor,Homo sapiens,RNA-Seq,Oligo-dT,TRANSCRIPTOMIC,7903693051,28308165,2.698,true,true,https://trace.ncbi.nlm.nih.gov/Traces/sra-reads-be/fastq?acc=SRR26443806
dlbcl_human_wgs,30100851,SRR26443807,PRJNA1029929,SRP467399,Homo sapiens Raw sequence reads,SAMN37886145,Antitumor efficacy of sequence specific DNA-targeted gamma PNA based cMyc inhibitor,Homo sapiens,RNA-Seq,Oligo-dT,TRANSCRIPTOMIC,2004386206,10098800,0.649,true,true,https://trace.ncbi.nlm.nih.gov/Traces/sra-reads-be/fastq?acc=SRR26443807
dlbcl_human_wgs,30100850,SRR26443808,PRJNA1029929,SRP467399,Homo sapiens Raw sequence reads,SAMN37886144,Antitumor efficacy of sequence specific DNA-targeted gamma PNA based cMyc inhibitor,Homo sapiens,RNA-Seq,Oligo-dT,TRANSCRIPTOMIC,2645897323,13336778,0.869,true,true,https://trace.ncbi.nlm.nih.gov/Traces/sra-reads-be/fastq?acc=SRR26443808
dlbcl_human_wgs,30100849,SRR26443809,PRJNA1029929,SRP467399,Homo sapiens Raw sequence reads,SAMN37886143,Antitumor efficacy of sequence specific DNA-targeted gamma PNA based cMyc inhibitor,Homo sapiens,RNA-Seq,Oligo-dT,TRANSCRIPTOMIC,6865821207,24483180,2.31,true,true,https://trace.ncbi.nlm.nih.gov/Traces/sra-reads-be/fastq?acc=SRR26443809
dlbcl_human_wgs,30100848,SRR26443810,PRJNA1029929,SRP467399,Homo sapiens Raw sequence reads,SAMN37886142,Antitumor efficacy of sequence specific DNA-targeted gamma PNA based cMyc inhibitor,Homo sapiens,RNA-Seq,Oligo-dT,TRANSCRIPTOMIC,2812737424,14195637,0.912,true,true,https://trace.ncbi.nlm.nih.gov/Traces/sra-reads-be/fastq?acc=SRR26443810
dlbcl_human_wgs,30100847,SRR26443811,PRJNA1029929,SRP467399,Homo sapiens Raw sequence reads,SAMN37886141,Antitumor efficacy of sequence specific DNA-targeted gamma PNA based cMyc inhibitor,Homo sapiens,RNA-Seq,Oligo-dT,TRANSCRIPTOMIC,5044566470,18460778,1.688,true,true,https://trace.ncbi.nlm.nih.gov/Traces/sra-reads-be/fastq?acc=SRR26443811
dlbcl_human_wgs,30100846,SRR26443812,PRJNA1029929,SRP467399,Homo sapiens Raw sequence reads,SAMN37886140,Antitumor efficacy of sequence specific DNA-targeted gamma PNA based cMyc inhibitor,Homo sapiens,RNA-Seq,Oligo-dT,TRANSCRIPTOMIC,7119174514,25350498,2.37,true,true,https://trace.ncbi.nlm.nih.gov/Traces/sra-reads-be/fastq?acc=SRR26443812
dlbcl_human_wgs,30100845,SRR26443813,PRJNA1029929,SRP467399,Homo sapiens Raw sequence reads,SAMN37886131,Antitumor efficacy of sequence specific DNA-targeted gamma PNA based cMyc inhibitor,Homo sapiens,RNA-Seq,Oligo-dT,TRANSCRIPTOMIC,1284345290,6358145,0.446,true,true,https://trace.ncbi.nlm.nih.gov/Traces/sra-reads-be/fastq?acc=SRR26443813
dlbcl_human_wgs,30100844,SRR26443814,PRJNA1029929,SRP467399,Homo sapiens Raw sequence reads,SAMN37886130,Antitumor efficacy of sequence specific DNA-targeted gamma PNA based cMyc inhibitor,Homo sapiens,RNA-Seq,Oligo-dT,TRANSCRIPTOMIC,1846113148,9139174,0.623,true,true,https://trace.ncbi.nlm.nih.gov/Traces/sra-reads-be/fastq?acc=SRR26443814
dlbcl_human_wgs,29819165,SRR26209096,PRJNA1006845,SRP463003,Non-coding mutations cause enhancer targeting resulting in protein synthesis dysregulation during B cell lymphoma progression,SAMN37189964,WGS of agressive transformation from follicular lymphoma to Double-Hit Lymphoma: Sample P2.DHL,Homo sapiens,WGS,RANDOM,GENOMIC,92490328200,308301094,40.111,true,,https://trace.ncbi.nlm.nih.gov/Traces/sra-reads-be/fastq?acc=SRR26209096
dlbcl_human_wgs,29819162,SRR26209093,PRJNA1006845,SRP463003,Non-coding mutations cause enhancer targeting resulting in protein synthesis dysregulation during B cell lymphoma progression,SAMN37189963,WGS of agressive transformation from follicular lymphoma to Double-Hit Lymphoma: Sample P1.DHL,Homo sapiens,WGS,RANDOM,GENOMIC,126377708700,421259029,50.244,true,,https://trace.ncbi.nlm.nih.gov/Traces/sra-reads-be/fastq?acc=SRR26209093
dlbcl_human_wgs,28075318,SRR24883021,PRJNA981466,SRP441998,human gut metagenome Raw sequence reads,SAMN35676753,DNA-Seq of human gut metagenome:Stools of DLBCL patients,Homo sapiens,AMPLICON,PCR,METAGENOMIC,24538104,50283,0.008,true,true,https://trace.ncbi.nlm.nih.gov/Traces/sra-reads-be/fastq?acc=SRR24883021
dlbcl_human_wgs,28075317,SRR24883022,PRJNA981466,SRP441998,human gut metagenome Raw sequence reads,SAMN35676752,DNA-Seq of human gut metagenome:Stools of DLBCL patients,Homo sapiens,AMPLICON,PCR,METAGENOMIC,30873320,63265,0.01,true,true,https://trace.ncbi.nlm.nih.gov/Traces/sra-reads-be/fastq?acc=SRR24883022
dlbcl_human_wgs,28075316,SRR24883023,PRJNA981466,SRP441998,human gut metagenome Raw sequence reads,SAMN35676751,DNA-Seq of human gut metagenome:Stools of DLBCL patients,Homo sapiens,AMPLICON,PCR,METAGENOMIC,41310176,84652,0.014,true,true,https://trace.ncbi.nlm.nih.gov/Traces/sra-reads-be/fastq?acc=SRR24883023
dlbcl_human_wgs,28075315,SRR24883024,PRJNA981466,SRP441998,human gut metagenome Raw sequence reads,SAMN35676750,DNA-Seq of human gut metagenome:Stools of DLBCL patients,Homo sapiens,AMPLICON,PCR,METAGENOMIC,30673240,62855,0.01,true,true,https://trace.ncbi.nlm.nih.gov/Traces/sra-reads-be/fastq?acc=SRR24883024
dlbcl_human_wgs,28075314,SRR24883025,PRJNA981466,SRP441998,human gut metagenome Raw sequence reads,SAMN35676749,DNA-Seq of human gut metagenome:Stools of DLBCL patients,Homo sapiens,AMPLICON,PCR,METAGENOMIC,31633136,64822,0.01,true,true,https://trace.ncbi.nlm.nih.gov/Traces/sra-reads-be/fastq?acc=SRR24883025
dlbcl_human_wgs,28075313,SRR24883026,PRJNA981466,SRP441998,human gut metagenome Raw sequence reads,SAMN35676785,DNA-Seq of human gut metagenome:Stools of DLBCL patients,Homo sapiens,AMPLICON,PCR,METAGENOMIC,20781480,42585,0.007,true,true,https://trace.ncbi.nlm.nih.gov/Traces/sra-reads-be/fastq?acc=SRR24883026
dlbcl_human_wgs,28075312,SRR24883027,PRJNA981466,SRP441998,human gut metagenome Raw sequence reads,SAMN35676784,DNA-Seq of human gut metagenome:Stools of DLBCL patients,Homo sapiens,AMPLICON,PCR,METAGENOMIC,20780992,42584,0.007,true,true,https://trace.ncbi.nlm.nih.gov/Traces/sra-reads-be/fastq?acc=SRR24883027
dlbcl_human_wgs,28075311,SRR24883028,PRJNA981466,SRP441998,human gut metagenome Raw sequence reads,SAMN35676748,DNA-Seq of human gut metagenome:Stools of DLBCL patients,Homo sapiens,AMPLICON,PCR,METAGENOMIC,27043008,55416,0.009,true,true,https://trace.ncbi.nlm.nih.gov/Traces/sra-reads-be/fastq?acc=SRR24883028
dlbcl_human_wgs,28075310,SRR24883029,PRJNA981466,SRP441998,human gut metagenome Raw sequence reads,SAMN35676783,DNA-Seq of human gut metagenome:Stools of DLBCL patients,Homo sapiens,AMPLICON,PCR,METAGENOMIC,24316064,49828,0.008,true,true,https://trace.ncbi.nlm.nih.gov/Traces/sra-reads-be/fastq?acc=SRR24883029
dlbcl_human_wgs,28075309,SRR24883030,PRJNA981466,SRP441998,human gut metagenome Raw sequence reads,SAMN35676782,DNA-Seq of human gut metagenome:Stools of DLBCL patients,Homo sapiens,AMPLICON,PCR,METAGENOMIC,21234344,43513,0.007,true,true,https://trace.ncbi.nlm.nih.gov/Traces/sra-reads-be/fastq?acc=SRR24883030
dlbcl_human_wgs,28075308,SRR24883031,PRJNA981466,SRP441998,human gut metagenome Raw sequence reads,SAMN35676781,DNA-Seq of human gut metagenome:Stools of DLBCL patients,Homo sapiens,AMPLICON,PCR,METAGENOMIC,18239976,37377,0.006,true,true,https://trace.ncbi.nlm.nih.gov/Traces/sra-reads-be/fastq?acc=SRR24883031
dlbcl_human_wgs,28075307,SRR24883032,PRJNA981466,SRP441998,human gut metagenome Raw sequence reads,SAMN35676780,DNA-Seq of human gut metagenome:Stools of DLBCL patients,Homo sapiens,AMPLICON,PCR,METAGENOMIC,19524392,40009,0.006,true,true,https://trace.ncbi.nlm.nih.gov/Traces/sra-reads-be/fastq?acc=SRR24883032
dlbcl_human_wgs,28075306,SRR24883033,PRJNA981466,SRP441998,human gut metagenome Raw sequence reads,SAMN35676779,DNA-Seq of human gut metagenome:Stools of DLBCL patients,Homo sapiens,AMPLICON,PCR,METAGENOMIC,16955072,34744,0.006,true,true,https://trace.ncbi.nlm.nih.gov/Traces/sra-reads-be/fastq?acc=SRR24883033
dlbcl_human_wgs,28075305,SRR24883034,PRJNA981466,SRP441998,human gut metagenome Raw sequence reads,SAMN35676778,DNA-Seq of human gut metagenome:Stools of DLBCL patients,Homo sapiens,AMPLICON,PCR,METAGENOMIC,14864968,30461,0.005,true,true,https://trace.ncbi.nlm.nih.gov/Traces/sra-reads-be/fastq?acc=SRR24883034
dlbcl_human_wgs,28075304,SRR24883035,PRJNA981466,SRP441998,human gut metagenome Raw sequence reads,SAMN35676777,DNA-Seq of human gut metagenome:Stools of DLBCL patients,Homo sapiens,AMPLICON,PCR,METAGENOMIC,15157280,31060,0.006,true,true,https://trace.ncbi.nlm.nih.gov/Traces/sra-reads-be/fastq?acc=SRR24883035
dlbcl_human_wgs,28075303,SRR24883036,PRJNA981466,SRP441998,human gut metagenome Raw sequence reads,SAMN35676776,DNA-Seq of human gut metagenome:Stools of DLBCL patients,Homo sapiens,AMPLICON,PCR,METAGENOMIC,15050170,49835,0.003,true,true,https://trace.ncbi.nlm.nih.gov/Traces/sra-reads-be/fastq?acc=SRR24883036
dlbcl_human_wgs,28075302,SRR24883037,PRJNA981466,SRP441998,human gut metagenome Raw sequence reads,SAMN35676775,DNA-Seq of human gut metagenome:Stools of DLBCL patients,Homo sapiens,AMPLICON,PCR,METAGENOMIC,16861264,55832,0.005,true,true,https://trace.ncbi.nlm.nih.gov/Traces/sra-reads-be/fastq?acc=SRR24883037
dlbcl_human_wgs,28075301,SRR24883038,PRJNA981466,SRP441998,human gut metagenome Raw sequence reads,SAMN35676774,DNA-Seq of human gut metagenome:Stools of DLBCL patients,Homo sapiens,AMPLICON,PCR,METAGENOMIC,15524310,51405,0.005,true,true,https://trace.ncbi.nlm.nih.gov/Traces/sra-reads-be/fastq?acc=SRR24883038
dlbcl_human_wgs,28075300,SRR24883039,PRJNA981466,SRP441998,human gut metagenome Raw sequence reads,SAMN35676747,DNA-Seq of human gut metagenome:Stools of DLBCL patients,Homo sapiens,AMPLICON,PCR,METAGENOMIC,30554656,62612,0.01,true,true,https://trace.ncbi.nlm.nih.gov/Traces/sra-reads-be/fastq?acc=SRR24883039
dlbcl_human_wgs,28075299,SRR24883040,PRJNA981466,SRP441998,human gut metagenome Raw sequence reads,SAMN35676773,DNA-Seq of human gut metagenome:Stools of DLBCL patients,Homo sapiens,AMPLICON,PCR,METAGENOMIC,31729760,65020,0.01,true,true,https://trace.ncbi.nlm.nih.gov/Traces/sra-reads-be/fastq?acc=SRR24883040
dlbcl_human_wgs,28075298,SRR24883041,PRJNA981466,SRP441998,human gut metagenome Raw sequence reads,SAMN35676772,DNA-Seq of human gut metagenome:Stools of DLBCL patients,Homo sapiens,AMPLICON,PCR,METAGENOMIC,23779264,48728,0.008,true,true,https://trace.ncbi.nlm.nih.gov/Traces/sra-reads-be/fastq?acc=SRR24883041
dlbcl_human_wgs,28075297,SRR24883042,PRJNA981466,SRP441998,human gut metagenome Raw sequence reads,SAMN35676771,DNA-Seq of human gut metagenome:Stools of DLBCL patients,Homo sapiens,AMPLICON,PCR,METAGENOMIC,31670224,64898,0.01,true,true,https://trace.ncbi.nlm.nih.gov/Traces/sra-reads-be/fastq?acc=SRR24883042
dlbcl_human_wgs,28075296,SRR24883043,PRJNA981466,SRP441998,human gut metagenome Raw sequence reads,SAMN35676770,DNA-Seq of human gut metagenome:Stools of DLBCL patients,Homo sapiens,AMPLICON,PCR,METAGENOMIC,27398272,56144,0.009,true,true,https://trace.ncbi.nlm.nih.gov/Traces/sra-reads-be/fastq?acc=SRR24883043
dlbcl_human_wgs,28075295,SRR24883044,PRJNA981466,SRP441998,human gut metagenome Raw sequence reads,SAMN35676769,DNA-Seq of human gut metagenome:Stools of DLBCL patients,Homo sapiens,AMPLICON,PCR,METAGENOMIC,22737384,46593,0.008,true,true,https://trace.ncbi.nlm.nih.gov/Traces/sra-reads-be/fastq?acc=SRR24883044
dlbcl_human_wgs,28075294,SRR24883045,PRJNA981466,SRP441998,human gut metagenome Raw sequence reads,SAMN35676768,DNA-Seq of human gut metagenome:Stools of DLBCL patients,Homo sapiens,AMPLICON,PCR,METAGENOMIC,26468144,54238,0.009,true,true,https://trace.ncbi.nlm.nih.gov/Traces/sra-reads-be/fastq?acc=SRR24883045
dlbcl_human_wgs,28075293,SRR24883046,PRJNA981466,SRP441998,human gut metagenome Raw sequence reads,SAMN35676767,DNA-Seq of human gut metagenome:Stools of DLBCL patients,Homo sapiens,AMPLICON,PCR,METAGENOMIC,28356216,58107,0.009,true,true,https://trace.ncbi.nlm.nih.gov/Traces/sra-reads-be/fastq?acc=SRR24883046
dlbcl_human_wgs,28075292,SRR24883047,PRJNA981466,SRP441998,human gut metagenome Raw sequence reads,SAMN35676766,DNA-Seq of human gut metagenome:Stools of DLBCL patients,Homo sapiens,AMPLICON,PCR,METAGENOMIC,25457984,52168,0.008,true,true,https://trace.ncbi.nlm.nih.gov/Traces/sra-reads-be/fastq?acc=SRR24883047
dlbcl_human_wgs,28075291,SRR24883048,PRJNA981466,SRP441998,human gut metagenome Raw sequence reads,SAMN35676765,DNA-Seq of human gut metagenome:Stools of DLBCL patients,Homo sapiens,AMPLICON,PCR,METAGENOMIC,29019408,59466,0.009,true,true,https://trace.ncbi.nlm.nih.gov/Traces/sra-reads-be/fastq?acc=SRR24883048
dlbcl_human_wgs,28075290,SRR24883049,PRJNA981466,SRP441998,human gut metagenome Raw sequence reads,SAMN35676764,DNA-Seq of human gut metagenome:Stools of DLBCL patients,Homo sapiens,AMPLICON,PCR,METAGENOMIC,13586896,27842,0.004,true,true,https://trace.ncbi.nlm.nih.gov/Traces/sra-reads-be/fastq?acc=SRR24883049
dlbcl_human_wgs,28075289,SRR24883050,PRJNA981466,SRP441998,human gut metagenome Raw sequence reads,SAMN35676746,DNA-Seq of human gut metagenome:Stools of DLBCL patients,Homo sapiens,AMPLICON,PCR,METAGENOMIC,28818840,59055,0.01,true,true,https://trace.ncbi.nlm.nih.gov/Traces/sra-reads-be/fastq?acc=SRR24883050
dlbcl_human_wgs,28075288,SRR24883051,PRJNA981466,SRP441998,human gut metagenome Raw sequence reads,SAMN35676763,DNA-Seq of human gut metagenome:Stools of DLBCL patients,Homo sapiens,AMPLICON,PCR,METAGENOMIC,33408480,68460,0.011,true,true,https://trace.ncbi.nlm.nih.gov/Traces/sra-reads-be/fastq?acc=SRR24883051
dlbcl_human_wgs,28075287,SRR24883052,PRJNA981466,SRP441998,human gut metagenome Raw sequence reads,SAMN35676762,DNA-Seq of human gut metagenome:Stools of DLBCL patients,Homo sapiens,AMPLICON,PCR,METAGENOMIC,36389184,74568,0.012,true,true,https://trace.ncbi.nlm.nih.gov/Traces/sra-reads-be/fastq?acc=SRR24883052
dlbcl_human_wgs,28075286,SRR24883053,PRJNA981466,SRP441998,human gut metagenome Raw sequence reads,SAMN35676761,DNA-Seq of human gut metagenome:Stools of DLBCL patients,Homo sapiens,AMPLICON,PCR,METAGENOMIC,20525280,42060,0.007,true,true,https://trace.ncbi.nlm.nih.gov/Traces/sra-reads-be/fastq?acc=SRR24883053
dlbcl_human_wgs,28075285,SRR24883054,PRJNA981466,SRP441998,human gut metagenome Raw sequence reads,SAMN35676760,DNA-Seq of human gut metagenome:Stools of DLBCL patients,Homo sapiens,AMPLICON,PCR,METAGENOMIC,27627632,56614,0.009,true,true,https://trace.ncbi.nlm.nih.gov/Traces/sra-reads-be/fastq?acc=SRR24883054
dlbcl_human_wgs,28075284,SRR24883055,PRJNA981466,SRP441998,human gut metagenome Raw sequence reads,SAMN35676759,DNA-Seq of human gut metagenome:Stools of DLBCL patients,Homo sapiens,AMPLICON,PCR,METAGENOMIC,21126008,43291,0.007,true,true,https://trace.ncbi.nlm.nih.gov/Traces/sra-reads-be/fastq?acc=SRR24883055
dlbcl_human_wgs,28075283,SRR24883056,PRJNA981466,SRP441998,human gut metagenome Raw sequence reads,SAMN35676758,DNA-Seq of human gut metagenome:Stools of DLBCL patients,Homo sapiens,AMPLICON,PCR,METAGENOMIC,23771456,48712,0.008,true,true,https://trace.ncbi.nlm.nih.gov/Traces/sra-reads-be/fastq?acc=SRR24883056
dlbcl_human_wgs,28075282,SRR24883057,PRJNA981466,SRP441998,human gut metagenome Raw sequence reads,SAMN35676757,DNA-Seq of human gut metagenome:Stools of DLBCL patients,Homo sapiens,AMPLICON,PCR,METAGENOMIC,25266688,51776,0.008,true,true,https://trace.ncbi.nlm.nih.gov/Traces/sra-reads-be/fastq?acc=SRR24883057
dlbcl_human_wgs,28075281,SRR24883058,PRJNA981466,SRP441998,human gut metagenome Raw sequence reads,SAMN35676756,DNA-Seq of human gut metagenome:Stools of DLBCL patients,Homo sapiens,AMPLICON,PCR,METAGENOMIC,18062832,37014,0.006,true,true,https://trace.ncbi.nlm.nih.gov/Traces/sra-reads-be/fastq?acc=SRR24883058
dlbcl_human_wgs,28075280,SRR24883059,PRJNA981466,SRP441998,human gut metagenome Raw sequence reads,SAMN35676755,DNA-Seq of human gut metagenome:Stools of DLBCL patients,Homo sapiens,AMPLICON,PCR,METAGENOMIC,30988976,63502,0.01,true,true,https://trace.ncbi.nlm.nih.gov/Traces/sra-reads-be/fastq?acc=SRR24883059
dlbcl_human_wgs,28075279,SRR24883060,PRJNA981466,SRP441998,human gut metagenome Raw sequence reads,SAMN35676754,DNA-Seq of human gut metagenome:Stools of DLBCL patients,Homo sapiens,AMPLICON,PCR,METAGENOMIC,14193698,46999,0.004,true,true,https://trace.ncbi.nlm.nih.gov/Traces/sra-reads-be/fastq?acc=SRR24883060
dlbcl_human_wgs,28075278,SRR24883061,PRJNA981466,SRP441998,human gut metagenome Raw sequence reads,SAMN35676745,DNA-Seq of human gut metagenome:Stools of DLBCL patients,Homo sapiens,AMPLICON,PCR,METAGENOMIC,28378664,58153,0.01,true,true,https://trace.ncbi.nlm.nih.gov/Traces/sra-reads-be/fastq?acc=SRR24883061
dlbcl_human_wgs,28075277,SRR24883062,PRJNA981466,SRP441998,human gut metagenome Raw sequence reads,SAMN35676744,DNA-Seq of human gut metagenome:Stools of DLBCL patients,Homo sapiens,AMPLICON,PCR,METAGENOMIC,28452352,58304,0.009,true,true,https://trace.ncbi.nlm.nih.gov/Traces/sra-reads-be/fastq?acc=SRR24883062
dlbcl_human_wgs,25881623,SRR22836015,PRJNA736119,SRP332043,Evolution of Chronic Lymphocytic Leukemia to Richter's Syndrome (RS),SAMN20598856,NCI_CLL_to_RS Illumina whole genome shotgun sequencing of 'genomic DNA' paired-end library '0381845362_Illumina_P5-Poded_P7-Bezic' containing sample 'DFCI-5448-RT-01' from subject 'DFCI-5448',Homo sapiens,WGS,RANDOM,GENOMIC,408603909858,1352993079,59.027,true,,https://trace.ncbi.nlm.nih.gov/Traces/sra-reads-be/fastq?acc=SRR22836015
dlbcl_human_wgs,22062508,SRR19434977,PRJNA813747,SRP377492,Monitoring of circulating tumor DNA predict response to treatment and early progression/relapse in follicular lymphoma: results of a prospective pilot study,SAMN26573994,DNA-seq,Homo sapiens,Targeted-Capture,unspecified,GENOMIC,32994708,109254,0.016,true,true,https://trace.ncbi.nlm.nih.gov/Traces/sra-reads-be/fastq?acc=SRR19434977
dlbcl_human_wgs,22062507,SRR19434978,PRJNA813747,SRP377492,Monitoring of circulating tumor DNA predict response to treatment and early progression/relapse in follicular lymphoma: results of a prospective pilot study,SAMN26573993,DNA-seq,Homo sapiens,Targeted-Capture,unspecified,GENOMIC,135968856,450228,0.067,true,true,https://trace.ncbi.nlm.nih.gov/Traces/sra-reads-be/fastq?acc=SRR19434978
dlbcl_human_wgs,22062506,SRR19434979,PRJNA813747,SRP377492,Monitoring of circulating tumor DNA predict response to treatment and early progression/relapse in follicular lymphoma: results of a prospective pilot study,SAMN26573992,DNA-seq,Homo sapiens,Targeted-Capture,unspecified,GENOMIC,35652006,118053,0.017,true,true,https://trace.ncbi.nlm.nih.gov/Traces/sra-reads-be/fastq?acc=SRR19434979
dlbcl_human_wgs,22062505,SRR19434980,PRJNA813747,SRP377492,Monitoring of circulating tumor DNA predict response to treatment and early progression/relapse in follicular lymphoma: results of a prospective pilot study,SAMN26573991,DNA-seq,Homo sapiens,Targeted-Capture,unspecified,GENOMIC,9191439122,31009961,4.071,true,true,https://trace.ncbi.nlm.nih.gov/Traces/sra-reads-be/fastq?acc=SRR19434980
dlbcl_human_wgs,22062504,SRR19434981,PRJNA813747,SRP377492,Monitoring of circulating tumor DNA predict response to treatment and early progression/relapse in follicular lymphoma: results of a prospective pilot study,SAMN26573990,DNA-seq,Homo sapiens,Targeted-Capture,unspecified,GENOMIC,7568197289,25914693,3.471,true,true,https://trace.ncbi.nlm.nih.gov/Traces/sra-reads-be/fastq?acc=SRR19434981
dlbcl_human_wgs,22062503,SRR19434982,PRJNA813747,SRP377492,Monitoring of circulating tumor DNA predict response to treatment and early progression/relapse in follicular lymphoma: results of a prospective pilot study,SAMN26573989,DNA-seq,Homo sapiens,Targeted-Capture,unspecified,GENOMIC,7078826668,24311412,3.08,true,true,https://trace.ncbi.nlm.nih.gov/Traces/sra-reads-be/fastq?acc=SRR19434982
dlbcl_human_wgs,22062502,SRR19434983,PRJNA813747,SRP377492,Monitoring of circulating tumor DNA predict response to treatment and early progression/relapse in follicular lymphoma: results of a prospective pilot study,SAMN26573988,DNA-seq,Homo sapiens,Targeted-Capture,unspecified,GENOMIC,15770012932,53532232,6.799,true,true,https://trace.ncbi.nlm.nih.gov/Traces/sra-reads-be/fastq?acc=SRR19434983
dlbcl_human_wgs,22062501,SRR19434984,PRJNA813747,SRP377492,Monitoring of circulating tumor DNA predict response to treatment and early progression/relapse in follicular lymphoma: results of a prospective pilot study,SAMN26573987,DNA-seq,Homo sapiens,Targeted-Capture,unspecified,GENOMIC,5118486794,17469632,2.413,true,true,https://trace.ncbi.nlm.nih.gov/Traces/sra-reads-be/fastq?acc=SRR19434984
dlbcl_human_wgs,22062500,SRR19434985,PRJNA813747,SRP377492,Monitoring of circulating tumor DNA predict response to treatment and early progression/relapse in follicular lymphoma: results of a prospective pilot study,SAMN26573986,DNA-seq,Homo sapiens,Targeted-Capture,unspecified,GENOMIC,6658930938,22707227,3.087,true,true,https://trace.ncbi.nlm.nih.gov/Traces/sra-reads-be/fastq?acc=SRR19434985
dlbcl_human_wgs,22062499,SRR19434986,PRJNA813747,SRP377492,Monitoring of circulating tumor DNA predict response to treatment and early progression/relapse in follicular lymphoma: results of a prospective pilot study,SAMN26573985,DNA-seq,Homo sapiens,Targeted-Capture,unspecified,GENOMIC,4521275293,15665065,2.115,true,true,https://trace.ncbi.nlm.nih.gov/Traces/sra-reads-be/fastq?acc=SRR19434986
dlbcl_human_wgs,22062498,SRR19434987,PRJNA813747,SRP377492,Monitoring of circulating tumor DNA predict response to treatment and early progression/relapse in follicular lymphoma: results of a prospective pilot study,SAMN26573904,DNA-seq,Homo sapiens,Targeted-Capture,unspecified,GENOMIC,7612701669,25627398,3.633,true,true,https://trace.ncbi.nlm.nih.gov/Traces/sra-reads-be/fastq?acc=SRR19434987
dlbcl_human_wgs,22062497,SRR19434988,PRJNA813747,SRP377492,Monitoring of circulating tumor DNA predict response to treatment and early progression/relapse in follicular lymphoma: results of a prospective pilot study,SAMN26573984,DNA-seq,Homo sapiens,Targeted-Capture,unspecified,GENOMIC,6938735252,23530337,3.087,true,true,https://trace.ncbi.nlm.nih.gov/Traces/sra-reads-be/fastq?acc=SRR19434988
dlbcl_human_wgs,22062496,SRR19434989,PRJNA813747,SRP377492,Monitoring of circulating tumor DNA predict response to treatment and early progression/relapse in follicular lymphoma: results of a prospective pilot study,SAMN26573983,DNA-seq,Homo sapiens,Targeted-Capture,unspecified,GENOMIC,15042317143,51441978,6.71,true,true,https://trace.ncbi.nlm.nih.gov/Traces/sra-reads-be/fastq?acc=SRR19434989
dlbcl_human_wgs,22062495,SRR19434990,PRJNA813747,SRP377492,Monitoring of circulating tumor DNA predict response to treatment and early progression/relapse in follicular lymphoma: results of a prospective pilot study,SAMN26573982,DNA-seq,Homo sapiens,Targeted-Capture,unspecified,GENOMIC,7721389443,26084032,3.651,true,true,https://trace.ncbi.nlm.nih.gov/Traces/sra-reads-be/fastq?acc=SRR19434990
dlbcl_human_wgs,22062494,SRR19434991,PRJNA813747,SRP377492,Monitoring of circulating tumor DNA predict response to treatment and early progression/relapse in follicular lymphoma: results of a prospective pilot study,SAMN26573981,DNA-seq,Homo sapiens,Targeted-Capture,unspecified,GENOMIC,7680778928,26304962,3.548,true,true,https://trace.ncbi.nlm.nih.gov/Traces/sra-reads-be/fastq?acc=SRR19434991
dlbcl_human_wgs,22062493,SRR19434992,PRJNA813747,SRP377492,Monitoring of circulating tumor DNA predict response to treatment and early progression/relapse in follicular lymphoma: results of a prospective pilot study,SAMN26573980,DNA-seq,Homo sapiens,Targeted-Capture,unspecified,GENOMIC,6882642552,23393023,3.177,true,true,https://trace.ncbi.nlm.nih.gov/Traces/sra-reads-be/fastq?acc=SRR19434992
dlbcl_human_wgs,22062492,SRR19434993,PRJNA813747,SRP377492,Monitoring of circulating tumor DNA predict response to treatment and early progression/relapse in follicular lymphoma: results of a prospective pilot study,SAMN26573979,DNA-seq,Homo sapiens,Targeted-Capture,unspecified,GENOMIC,6917823432,23256303,3.146,true,true,https://trace.ncbi.nlm.nih.gov/Traces/sra-reads-be/fastq?acc=SRR19434993
dlbcl_human_wgs,22062491,SRR19434994,PRJNA813747,SRP377492,Monitoring of circulating tumor DNA predict response to treatment and early progression/relapse in follicular lymphoma: results of a prospective pilot study,SAMN26573978,DNA-seq,Homo sapiens,Targeted-Capture,unspecified,GENOMIC,9625780183,32542457,4.141,true,true,https://trace.ncbi.nlm.nih.gov/Traces/sra-reads-be/fastq?acc=SRR19434994
dlbcl_human_wgs,22062490,SRR19434995,PRJNA813747,SRP377492,Monitoring of circulating tumor DNA predict response to treatment and early progression/relapse in follicular lymphoma: results of a prospective pilot study,SAMN26573977,DNA-seq,Homo sapiens,Targeted-Capture,unspecified,GENOMIC,9783825292,32777323,4.511,true,true,https://trace.ncbi.nlm.nih.gov/Traces/sra-reads-be/fastq?acc=SRR19434995
dlbcl_human_wgs,22062489,SRR19434996,PRJNA813747,SRP377492,Monitoring of circulating tumor DNA predict response to treatment and early progression/relapse in follicular lymphoma: results of a prospective pilot study,SAMN26573976,DNA-seq,Homo sapiens,Targeted-Capture,unspecified,GENOMIC,7648913547,25814110,3.348,true,true,https://trace.ncbi.nlm.nih.gov/Traces/sra-reads-be/fastq?acc=SRR19434996
dlbcl_human_wgs,22062488,SRR19434997,PRJNA813747,SRP377492,Monitoring of circulating tumor DNA predict response to treatment and early progression/relapse in follicular lymphoma: results of a prospective pilot study,SAMN26573975,DNA-seq,Homo sapiens,Targeted-Capture,unspecified,GENOMIC,2382573052,8076090,1.158,true,true,https://trace.ncbi.nlm.nih.gov/Traces/sra-reads-be/fastq?acc=SRR19434997
dlbcl_human_wgs,22062487,SRR19434998,PRJNA813747,SRP377492,Monitoring of circulating tumor DNA predict response to treatment and early progression/relapse in follicular lymphoma: results of a prospective pilot study,SAMN26573903,DNA-seq,Homo sapiens,Targeted-Capture,unspecified,GENOMIC,14423450296,49183871,6.061,true,true,https://trace.ncbi.nlm.nih.gov/Traces/sra-reads-be/fastq?acc=SRR19434998
dlbcl_human_wgs,22062486,SRR19434999,PRJNA813747,SRP377492,Monitoring of circulating tumor DNA predict response to treatment and early progression/relapse in follicular lymphoma: results of a prospective pilot study,SAMN26573974,DNA-seq,Homo sapiens,Targeted-Capture,unspecified,GENOMIC,6767643854,23266004,3.2,true,true,https://trace.ncbi.nlm.nih.gov/Traces/sra-reads-be/fastq?acc=SRR19434999
dlbcl_human_wgs,22062485,SRR19435000,PRJNA813747,SRP377492,Monitoring of circulating tumor DNA predict response to treatment and early progression/relapse in follicular lymphoma: results of a prospective pilot study,SAMN26573973,DNA-seq,Homo sapiens,Targeted-Capture,unspecified,GENOMIC,8096083868,27594613,3.686,true,true,https://trace.ncbi.nlm.nih.gov/Traces/sra-reads-be/fastq?acc=SRR19435000
dlbcl_human_wgs,22062484,SRR19435001,PRJNA813747,SRP377492,Monitoring of circulating tumor DNA predict response to treatment and early progression/relapse in follicular lymphoma: results of a prospective pilot study,SAMN26573972,DNA-seq,Homo sapiens,Targeted-Capture,unspecified,GENOMIC,5517950559,18621541,2.533,true,true,https://trace.ncbi.nlm.nih.gov/Traces/sra-reads-be/fastq?acc=SRR19435001
hodgkin_human_wgs,33194007,SRR29343962,PRJNA750536,SRP512912,Childhood Cancer Data Initiative (CCDI): Free the Data: Open Sharing of Comprehensive Genomic Childhood Cancer Datasets (Funded to Kansas),SAMN33407199,Childhood Cancer Data Initiative (CCDI): Free the Data: Open Sharing of Comprehensive Genomic Childhood Cancer Datasets (Kansas): Sample TB-000196-M1BHGK-01,Homo sapiens,WGS,RANDOM,GENOMIC,85143029573,281930561,100.257,true,,https://trace.ncbi.nlm.nih.gov/Traces/sra-reads-be/fastq?acc=SRR29343962
hodgkin_human_wgs,33194006,SRR29343961,PRJNA750536,SRP512912,Childhood Cancer Data Initiative (CCDI): Free the Data: Open Sharing of Comprehensive Genomic Childhood Cancer Datasets (Funded to Kansas),SAMN33407472,Childhood Cancer Data Initiative (CCDI): Free the Data: Open Sharing of Comprehensive Genomic Childhood Cancer Datasets (Kansas): Sample TB-000196-D1THGK-01,Homo sapiens,WGS,RANDOM,GENOMIC,239256993792,792240547,316.854,true,,https://trace.ncbi.nlm.nih.gov/Traces/sra-reads-be/fastq?acc=SRR29343961
hodgkin_human_wgs,20208098,SRR18110683,PRJNA809536,SRP361077,The Whole Genome Sequencing (WGS) Data of Monozygotic XMEN twins of MAGT1-deficiency in a case of Epstein-Barr Virus Positive Classic Hodgkin lymphoma receiving CD30 CAR T-cell immunotherapy.,SAMN26185956,WGS of homo sapiens: adult PBMC,Homo sapiens,WGS,Hybrid Selection,GENOMIC,167901839700,559672799,56.218,true,true,https://trace.ncbi.nlm.nih.gov/Traces/sra-reads-be/fastq?acc=SRR18110683
hodgkin_human_wgs,20208097,SRR18110684,PRJNA809536,SRP361077,The Whole Genome Sequencing (WGS) Data of Monozygotic XMEN twins of MAGT1-deficiency in a case of Epstein-Barr Virus Positive Classic Hodgkin lymphoma receiving CD30 CAR T-cell immunotherapy.,SAMN26185955,WGS of homo sapiens: adult PBMC,Homo sapiens,WGS,Hybrid Selection,GENOMIC,170814222300,569380741,56.749,true,true,https://trace.ncbi.nlm.nih.gov/Traces/sra-reads-be/fastq?acc=SRR18110684
hodgkin_human_wgs,20208096,SRR18110685,PRJNA809536,SRP361077,The Whole Genome Sequencing (WGS) Data of Monozygotic XMEN twins of MAGT1-deficiency in a case of Epstein-Barr Virus Positive Classic Hodgkin lymphoma receiving CD30 CAR T-cell immunotherapy.,SAMN26185954,WGS of homo sapiens: adult PBMC,Homo sapiens,WGS,Hybrid Selection,GENOMIC,114953325000,383177750,39.633,true,true,https://trace.ncbi.nlm.nih.gov/Traces/sra-reads-be/fastq?acc=SRR18110685
hodgkin_human_wgs,13375905,SRR13867786,PRJNA707099,SRP309547,Cryptogenic Malignancies in Body Fluids,SAMN18174245,WGS DNAseq cfDNA of body fluid sample - host subtracted FASTQ,Homo sapiens,WGS,RANDOM,METAGENOMIC,18552333,131183,0.011,true,true,https://trace.ncbi.nlm.nih.gov/Traces/sra-reads-be/fastq?acc=SRR13867786
hodgkin_human_wgs,13375885,SRR13867806,PRJNA707099,SRP309547,Cryptogenic Malignancies in Body Fluids,SAMN18174227,WGS DNAseq cfDNA of body fluid sample - host subtracted FASTQ,Homo sapiens,WGS,RANDOM,METAGENOMIC,25773400,191540,0.014,true,true,https://trace.ncbi.nlm.nih.gov/Traces/sra-reads-be/fastq?acc=SRR13867806
hodgkin_human_wgs,13375884,SRR13867807,PRJNA707099,SRP309547,Cryptogenic Malignancies in Body Fluids,SAMN18174226,WGS DNAseq cfDNA of body fluid sample - host subtracted FASTQ,Homo sapiens,WGS,RANDOM,METAGENOMIC,17055511,133609,0.009,true,true,https://trace.ncbi.nlm.nih.gov/Traces/sra-reads-be/fastq?acc=SRR13867807
hodgkin_human_wgs,12607882,SRR13212198,PRJNA681889,SRP295401,Cryptogenic Malignancies in Body Fluids,SAMN16970441,WGS DNAseq cfDNA of body fluid sample,Homo sapiens,WGS,RANDOM,METAGENOMIC,2936830506,11925627,0.833,true,true,https://trace.ncbi.nlm.nih.gov/Traces/sra-reads-be/fastq?acc=SRR13212198
hodgkin_human_wgs,12607811,SRR13212269,PRJNA681889,SRP295401,Cryptogenic Malignancies in Body Fluids,SAMN16970460,WGS DNAseq cfDNA of body fluid sample,Homo sapiens,WGS,RANDOM,METAGENOMIC,1031294700,4216873,0.33,true,true,https://trace.ncbi.nlm.nih.gov/Traces/sra-reads-be/fastq?acc=SRR13212269
hodgkin_human_wgs,12607791,SRR13212289,PRJNA681889,SRP295401,Cryptogenic Malignancies in Body Fluids,SAMN16970442,WGS DNAseq cfDNA of body fluid sample,Homo sapiens,WGS,RANDOM,METAGENOMIC,2006732089,7521056,0.583,true,true,https://trace.ncbi.nlm.nih.gov/Traces/sra-reads-be/fastq?acc=SRR13212289
hodgkin_human_wgs,6426876,SRR7907370,PRJNA493299,SRP162715,Global Long Terminal Repeat activation participates in establishing the unique gene expression program of classical Hodgkin Lymphoma [ChIP-Seq],SAMN10134444,GSM3402699: L428_H3K4me3; Homo sapiens; ChIP-Seq,Homo sapiens,ChIP-Seq,ChIP,GENOMIC,1154065950,23081319,0.644,true,true,https://trace.ncbi.nlm.nih.gov/Traces/sra-reads-be/fastq?acc=SRR7907370
ptld_human_wgs,12432496,SRR13065095,PRJNA678570,SRP292640,CNS tumor detection,SAMN16807098,Metagenomic WGS of human: cerebrospinal fluid,Homo sapiens,WGS,RANDOM,METAGENOMIC,2607615640,9312913,1.482,true,true,https://trace.ncbi.nlm.nih.gov/Traces/sra-reads-be/fastq?acc=SRR13065095
lymphoma_cell_line_wgs,38340888,SRR33315576,PRJNA1255536,SRP581284,The whole-genome sequencing of human Jurkat E6.1 and Hut78 T cell lines.,SAMN48147250,WGS of Homo sapiens: Jurkat,Homo sapiens,WGS,PCR,GENOMIC,169593597000,565311990,91.588,true,true,https://trace.ncbi.nlm.nih.gov/Traces/sra-reads-be/fastq?acc=SRR33315576
lymphoma_cell_line_wgs,36939147,SRR32035152,PRJNA1212064,SRP558078,Oxford Nanopore Technologies Pore-C and whole-genome sequencing,SAMN46290638,Oxford Nanopore WGS of Burkitt Lymphoma cell line EB-3,Homo sapiens,WGS,size fractionation,GENOMIC,78718155213,10716501,68.338,true,true,https://trace.ncbi.nlm.nih.gov/Traces/sra-reads-be/fastq?acc=SRR32035152
lymphoma_cell_line_wgs,33626539,SRR29784385,PRJNA1134701,SRP519355,"H3K27Ac HiChIP, PacBio WGS, and RNA-seq in cancer cell lines",SAMN42434311,PacBio WGS of Raji,Homo sapiens,WGS,other,GENOMIC,86657520132,6022758,58.813,true,true,https://trace.ncbi.nlm.nih.gov/Traces/sra-reads-be/fastq?acc=SRR29784385
lymphoma_cell_line_wgs,28675626,SRR25508157,PRJNA1001943,SRP453184,Viral reprogramming of host transcription initiation,SAMN36827354,Bisulfite Seq of latent and reactivated Akata cells,Homo sapiens,Bisulfite-Seq,RANDOM,GENOMIC,180410943400,902054717,119.944,true,true,https://trace.ncbi.nlm.nih.gov/Traces/sra-reads-be/fastq?acc=SRR25508157
lymphoma_cell_line_wgs,28675625,SRR25508158,PRJNA1001943,SRP453184,Viral reprogramming of host transcription initiation,SAMN36827353,Bisulfite Seq of latent and reactivated Akata cells,Homo sapiens,Bisulfite-Seq,RANDOM,GENOMIC,180279401600,901397008,119.163,true,true,https://trace.ncbi.nlm.nih.gov/Traces/sra-reads-be/fastq?acc=SRR25508158
lymphoma_cell_line_wgs,28675624,SRR25508159,PRJNA1001943,SRP453184,Viral reprogramming of host transcription initiation,SAMN36827352,Bisulfite Seq of latent and reactivated Akata cells,Homo sapiens,Bisulfite-Seq,RANDOM,GENOMIC,175382015600,876910078,116.605,true,true,https://trace.ncbi.nlm.nih.gov/Traces/sra-reads-be/fastq?acc=SRR25508159
lymphoma_cell_line_wgs,28675623,SRR25508160,PRJNA1001943,SRP453184,Viral reprogramming of host transcription initiation,SAMN36827351,Bisulfite Seq of latent and reactivated Akata cells,Homo sapiens,Bisulfite-Seq,RANDOM,GENOMIC,177213418000,886067090,119.93,true,true,https://trace.ncbi.nlm.nih.gov/Traces/sra-reads-be/fastq?acc=SRR25508160
lymphoma_cell_line_wgs,28675622,SRR25508161,PRJNA1001943,SRP453184,Viral reprogramming of host transcription initiation,SAMN36827350,Bisulfite Seq of latent and reactivated Akata cells,Homo sapiens,Bisulfite-Seq,RANDOM,GENOMIC,180233070000,901165350,119.168,true,true,https://trace.ncbi.nlm.nih.gov/Traces/sra-reads-be/fastq?acc=SRR25508161
lymphoma_cell_line_wgs,28675621,SRR25508162,PRJNA1001943,SRP453184,Viral reprogramming of host transcription initiation,SAMN36827349,Bisulfite Seq of latent and reactivated Akata cells,Homo sapiens,Bisulfite-Seq,RANDOM,GENOMIC,174135383200,870676916,115.313,true,true,https://trace.ncbi.nlm.nih.gov/Traces/sra-reads-be/fastq?acc=SRR25508162
lymphoma_cell_line_wgs,28675620,SRR25508163,PRJNA1001943,SRP453184,Viral reprogramming of host transcription initiation,SAMN36827348,Bisulfite Seq of latent and reactivated Akata cells,Homo sapiens,Bisulfite-Seq,RANDOM,GENOMIC,175421445000,877107225,116.358,true,true,https://trace.ncbi.nlm.nih.gov/Traces/sra-reads-be/fastq?acc=SRR25508163
lymphoma_cell_line_wgs,28675619,SRR25508164,PRJNA1001943,SRP453184,Viral reprogramming of host transcription initiation,SAMN36827347,Bisulfite Seq of latent and reactivated Akata cells,Homo sapiens,Bisulfite-Seq,RANDOM,GENOMIC,154797483200,773987416,107.476,true,true,https://trace.ncbi.nlm.nih.gov/Traces/sra-reads-be/fastq?acc=SRR25508164
lymphoma_cell_line_wgs,28599430,SRR25429626,PRJNA998843,SRP451547,Characterization of Human Herpesvirus 8 Genomic Integration and Amplification Events in a Primary Effusion Lymphoma Cell Line,SAMN36715344,ONT DNAseq of the Human PEL cell line BC-3,Homo sapiens,WGS,RANDOM,GENOMIC,31737894338,5055492,27.563,true,true,https://trace.ncbi.nlm.nih.gov/Traces/sra-reads-be/fastq?acc=SRR25429626
lymphoma_cell_line_wgs,28599429,SRR25429627,PRJNA998843,SRP451547,Characterization of Human Herpesvirus 8 Genomic Integration and Amplification Events in a Primary Effusion Lymphoma Cell Line,SAMN36715344,Illumina DNAseq of the Human PEL cell line BC-3,Homo sapiens,WGS,RANDOM,GENOMIC,126738806142,419664921,52.72,true,true,https://trace.ncbi.nlm.nih.gov/Traces/sra-reads-be/fastq?acc=SRR25429627
lymphoma_cell_line_wgs,25501533,SRR22498558,PRJNA907516,SRP410974,BC-3_whole_genome,SAMN31987437,WGS_BC-3,Homo sapiens,WGS,RANDOM,GENOMIC,92031522884,304740142,31.1,true,true,https://trace.ncbi.nlm.nih.gov/Traces/sra-reads-be/fastq?acc=SRR22498558
lymphoma_cell_line_wgs,18761249,SRR17335703,PRJNA74879,SRP007099,Genome-wide Analysis of Lymphoma,SAMN22321478,Whole genome DNA sequencing of human DLBCL cell line: Sample U2932-WGS,Homo sapiens,WGS,PCR,GENOMIC,107410036600,537050183,54.417,true,,https://trace.ncbi.nlm.nih.gov/Traces/sra-reads-be/fastq?acc=SRR17335703
lymphoma_cell_line_wgs,18761248,SRR17335702,PRJNA74879,SRP007099,Genome-wide Analysis of Lymphoma,SAMN22321312,Whole genome DNA sequencing of human DLBCL cell line: Sample TOLEDO-WGS,Homo sapiens,WGS,PCR,GENOMIC,124564542600,622822713,55.251,true,,https://trace.ncbi.nlm.nih.gov/Traces/sra-reads-be/fastq?acc=SRR17335702
lymphoma_cell_line_wgs,18761247,SRR17335701,PRJNA74879,SRP007099,Genome-wide Analysis of Lymphoma,SAMN22321366,Whole genome DNA sequencing of human DLBCL cell line: Sample TMD8-WGS,Homo sapiens,WGS,PCR,GENOMIC,129411721000,647058605,55.569,true,,https://trace.ncbi.nlm.nih.gov/Traces/sra-reads-be/fastq?acc=SRR17335701
lymphoma_cell_line_wgs,18761246,SRR17335700,PRJNA74879,SRP007099,Genome-wide Analysis of Lymphoma,SAMN22321433,Whole genome DNA sequencing of human DLBCL cell line: Sample SUDHL7-WGS,Homo sapiens,WGS,PCR,GENOMIC,120803890600,604019453,53.55,true,,https://trace.ncbi.nlm.nih.gov/Traces/sra-reads-be/fastq?acc=SRR17335700
lymphoma_cell_line_wgs,18761245,SRR17335699,PRJNA74879,SRP007099,Genome-wide Analysis of Lymphoma,SAMN22321388,Whole genome DNA sequencing of human DLBCL cell line: Sample SUDHL5-WGS,Homo sapiens,WGS,PCR,GENOMIC,109389330600,546946653,46.158,true,,https://trace.ncbi.nlm.nih.gov/Traces/sra-reads-be/fastq?acc=SRR17335699
lymphoma_cell_line_wgs,18761244,SRR17335698,PRJNA74879,SRP007099,Genome-wide Analysis of Lymphoma,SAMN22321475,Whole genome DNA sequencing of human DLBCL cell line: Sample SUDHL4-WGS,Homo sapiens,WGS,PCR,GENOMIC,111573844600,557869223,52.466,true,,https://trace.ncbi.nlm.nih.gov/Traces/sra-reads-be/fastq?acc=SRR17335698
lymphoma_cell_line_wgs,18761243,SRR17335697,PRJNA74879,SRP007099,Genome-wide Analysis of Lymphoma,SAMN22321455,Whole genome DNA sequencing of human DLBCL cell line: Sample SUDHL2-WGS,Homo sapiens,WGS,PCR,GENOMIC,111644829200,558224146,50.594,true,,https://trace.ncbi.nlm.nih.gov/Traces/sra-reads-be/fastq?acc=SRR17335697
lymphoma_cell_line_wgs,18761242,SRR17335696,PRJNA74879,SRP007099,Genome-wide Analysis of Lymphoma,SAMN22321374,Whole genome DNA sequencing of human DLBCL cell line: Sample SUDHL10-WGS,Homo sapiens,WGS,PCR,GENOMIC,100176528600,500882643,42.129,true,,https://trace.ncbi.nlm.nih.gov/Traces/sra-reads-be/fastq?acc=SRR17335696
lymphoma_cell_line_wgs,18761241,SRR17335695,PRJNA74879,SRP007099,Genome-wide Analysis of Lymphoma,SAMN22321332,Whole genome DNA sequencing of human DLBCL cell line: Sample RL-WGS,Homo sapiens,WGS,PCR,GENOMIC,102756493800,513782469,45.112,true,,https://trace.ncbi.nlm.nih.gov/Traces/sra-reads-be/fastq?acc=SRR17335695
lymphoma_cell_line_wgs,18761240,SRR17335694,PRJNA74879,SRP007099,Genome-wide Analysis of Lymphoma,SAMN22321412,Whole genome DNA sequencing of human DLBCL cell line: Sample RIVA-WGS,Homo sapiens,WGS,PCR,GENOMIC,104590424400,522952122,46.083,true,,https://trace.ncbi.nlm.nih.gov/Traces/sra-reads-be/fastq?acc=SRR17335694
lymphoma_cell_line_wgs,18761239,SRR17335693,PRJNA74879,SRP007099,Genome-wide Analysis of Lymphoma,SAMN22321328,Whole genome DNA sequencing of human DLBCL cell line: Sample RCK8-WGS,Homo sapiens,WGS,PCR,GENOMIC,138344899200,691724496,69.884,true,,https://trace.ncbi.nlm.nih.gov/Traces/sra-reads-be/fastq?acc=SRR17335693
lymphoma_cell_line_wgs,18761238,SRR17335692,PRJNA74879,SRP007099,Genome-wide Analysis of Lymphoma,SAMN22321458,Whole genome DNA sequencing of human DLBCL cell line: Sample PFEIFFER-WGS,Homo sapiens,WGS,PCR,GENOMIC,128760911200,643804556,56.101,true,,https://trace.ncbi.nlm.nih.gov/Traces/sra-reads-be/fastq?acc=SRR17335692
lymphoma_cell_line_wgs,18761237,SRR17335691,PRJNA74879,SRP007099,Genome-wide Analysis of Lymphoma,SAMN22321308,Whole genome DNA sequencing of human DLBCL cell line: Sample LY8-WGS,Homo sapiens,WGS,PCR,GENOMIC,126066345000,630331725,58.065,true,,https://trace.ncbi.nlm.nih.gov/Traces/sra-reads-be/fastq?acc=SRR17335691
lymphoma_cell_line_wgs,18761236,SRR17335690,PRJNA74879,SRP007099,Genome-wide Analysis of Lymphoma,SAMN22321304,Whole genome DNA sequencing of human DLBCL cell line: Sample LY3-WGS,Homo sapiens,WGS,PCR,GENOMIC,113906578000,569532890,51.383,true,,https://trace.ncbi.nlm.nih.gov/Traces/sra-reads-be/fastq?acc=SRR17335690
lymphoma_cell_line_wgs,18761235,SRR17335689,PRJNA74879,SRP007099,Genome-wide Analysis of Lymphoma,SAMN22321350,Whole genome DNA sequencing of human DLBCL cell line: Sample LY18-WGS,Homo sapiens,WGS,PCR,GENOMIC,109853044400,549265222,49.813,true,,https://trace.ncbi.nlm.nih.gov/Traces/sra-reads-be/fastq?acc=SRR17335689
lymphoma_cell_line_wgs,18761234,SRR17335688,PRJNA74879,SRP007099,Genome-wide Analysis of Lymphoma,SAMN22321470,Whole genome DNA sequencing of human DLBCL cell line: Sample LY10-WGS,Homo sapiens,WGS,PCR,GENOMIC,107813800400,539069002,49.882,true,,https://trace.ncbi.nlm.nih.gov/Traces/sra-reads-be/fastq?acc=SRR17335688
lymphoma_cell_line_wgs,18761233,SRR17335687,PRJNA74879,SRP007099,Genome-wide Analysis of Lymphoma,SAMN22321468,Whole genome DNA sequencing of human DLBCL cell line: Sample HT-WGS,Homo sapiens,WGS,PCR,GENOMIC,133874561200,669372806,59.312,true,,https://trace.ncbi.nlm.nih.gov/Traces/sra-reads-be/fastq?acc=SRR17335687
lymphoma_cell_line_wgs,18761232,SRR17335686,PRJNA74879,SRP007099,Genome-wide Analysis of Lymphoma,SAMN22321391,Whole genome DNA sequencing of human DLBCL cell line: Sample HLY1-WGS,Homo sapiens,WGS,PCR,GENOMIC,175284542800,876422714,79.859,true,,https://trace.ncbi.nlm.nih.gov/Traces/sra-reads-be/fastq?acc=SRR17335686
lymphoma_cell_line_wgs,18761231,SRR17335685,PRJNA74879,SRP007099,Genome-wide Analysis of Lymphoma,SAMN22321319,Whole genome DNA sequencing of human DLBCL cell line: Sample HBL1-WGS,Homo sapiens,WGS,PCR,GENOMIC,144181294400,720906472,61.33,true,,https://trace.ncbi.nlm.nih.gov/Traces/sra-reads-be/fastq?acc=SRR17335685
lymphoma_cell_line_wgs,18761090,SRR17335544,PRJNA74879,SRP007099,Genome-wide Analysis of Lymphoma,SAMN22321334,Whole genome DNA sequencing of human DLBCL cell line: Sample FARAGE-WGS,Homo sapiens,WGS,PCR,GENOMIC,126817289200,634086446,55.692,true,,https://trace.ncbi.nlm.nih.gov/Traces/sra-reads-be/fastq?acc=SRR17335544
lymphoma_cell_line_wgs,18761065,SRR17335519,PRJNA74879,SRP007099,Genome-wide Analysis of Lymphoma,SAMN22321377,Whole genome DNA sequencing of human DLBCL cell line: Sample BJAB-WGS,Homo sapiens,WGS,PCR,GENOMIC,108877989200,544389946,45.68,true,,https://trace.ncbi.nlm.nih.gov/Traces/sra-reads-be/fastq?acc=SRR17335519
lymphoma_cell_line_wgs,15642079,DRR276628,PRJDB11215,DRP007598,Whole genome sequencing of HTLV-1-infected cell lines,SAMD00278899,Illumina NovaSeq 6000 paired end sequencing of SAMD00278899,Homo sapiens,WGS,RANDOM PCR,GENOMIC,97308983152,322215176,31.628,true,true,https://trace.ncbi.nlm.nih.gov/Traces/sra-reads-be/fastq?acc=DRR276628
lymphoma_cell_line_wgs,15642078,DRR276627,PRJDB11215,DRP007598,Whole genome sequencing of HTLV-1-infected cell lines,SAMD00278898,Illumina NovaSeq 6000 paired end sequencing of SAMD00278898,Homo sapiens,WGS,RANDOM PCR,GENOMIC,99553448662,329647181,31.826,true,true,https://trace.ncbi.nlm.nih.gov/Traces/sra-reads-be/fastq?acc=DRR276627
lymphoma_cell_line_wgs,15642077,DRR276626,PRJDB11215,DRP007598,Whole genome sequencing of HTLV-1-infected cell lines,SAMD00278897,Illumina NovaSeq 6000 paired end sequencing of SAMD00278897,Homo sapiens,WGS,RANDOM PCR,GENOMIC,97852715126,324015613,31.163,true,true,https://trace.ncbi.nlm.nih.gov/Traces/sra-reads-be/fastq?acc=DRR276626
lymphoma_cell_line_wgs,9320987,ERR3196797,PRJEB31534,ERP114107,Deregulated expression of NKL homeobox genes in T-cell lymphomas,SAMEA5394388,Illumina HiSeq 2500 paired end sequencing; Deregulated expression of NKL homeobox genes in T-cell lymphomas,Homo sapiens,WGS,unspecified,GENOMIC,49234533010,163028255,50.18,true,true,https://trace.ncbi.nlm.nih.gov/Traces/sra-reads-be/fastq?acc=ERR3196797
lymphoma_cell_line_wgs,9320987,ERR3196798,PRJEB31534,ERP114107,Deregulated expression of NKL homeobox genes in T-cell lymphomas,SAMEA5394388,Illumina HiSeq 2500 paired end sequencing; Deregulated expression of NKL homeobox genes in T-cell lymphomas,Homo sapiens,WGS,unspecified,GENOMIC,4105777278,13595289,50.18,true,true,https://trace.ncbi.nlm.nih.gov/Traces/sra-reads-be/fastq?acc=ERR3196798
lymphoma_cell_line_wgs,9320987,ERR3196799,PRJEB31534,ERP114107,Deregulated expression of NKL homeobox genes in T-cell lymphomas,SAMEA5394388,Illumina HiSeq 2500 paired end sequencing; Deregulated expression of NKL homeobox genes in T-cell lymphomas,Homo sapiens,WGS,unspecified,GENOMIC,52855240002,175017351,50.18,true,true,https://trace.ncbi.nlm.nih.gov/Traces/sra-reads-be/fastq?acc=ERR3196799
lymphoma_cell_line_wgs,9320986,ERR3196794,PRJEB31534,ERP114107,Deregulated expression of NKL homeobox genes in T-cell lymphomas,SAMEA5394387,Illumina HiSeq 2500 paired end sequencing; Deregulated expression of NKL homeobox genes in T-cell lymphomas,Homo sapiens,WGS,unspecified,GENOMIC,48124060588,159351194,50.749,true,true,https://trace.ncbi.nlm.nih.gov/Traces/sra-reads-be/fastq?acc=ERR3196794
lymphoma_cell_line_wgs,9320986,ERR3196795,PRJEB31534,ERP114107,Deregulated expression of NKL homeobox genes in T-cell lymphomas,SAMEA5394387,Illumina HiSeq 2500 paired end sequencing; Deregulated expression of NKL homeobox genes in T-cell lymphomas,Homo sapiens,WGS,unspecified,GENOMIC,4593328796,15209698,50.749,true,true,https://trace.ncbi.nlm.nih.gov/Traces/sra-reads-be/fastq?acc=ERR3196795
lymphoma_cell_line_wgs,9320986,ERR3196796,PRJEB31534,ERP114107,Deregulated expression of NKL homeobox genes in T-cell lymphomas,SAMEA5394387,Illumina HiSeq 2500 paired end sequencing; Deregulated expression of NKL homeobox genes in T-cell lymphomas,Homo sapiens,WGS,unspecified,GENOMIC,55624520508,184187154,50.749,true,true,https://trace.ncbi.nlm.nih.gov/Traces/sra-reads-be/fastq?acc=ERR3196796
lymphoma_cell_line_wgs,7521468,SRR8782864,PRJNA528941,SRP189367,Raji genome assembly,SAMN11250439,Raji Whole Genome Sequencing,Homo sapiens,WGS,RANDOM,GENOMIC,148743481066,492528083,55.722,true,true,https://trace.ncbi.nlm.nih.gov/Traces/sra-reads-be/fastq?acc=SRR8782864
lymphoma_cell_line_wgs,7385259,SRR8670758,PRJNA523380,SRP186687,Cancer Cell Line Encyclopedia (CCLE),SAMN10989553,WGS of REC1_HAEMATOPOIETIC_AND_LYMPHOID_TISSUE,Homo sapiens,WGS,size fractionation,GENOMIC,118649221568,587372384,53.307,true,true,https://trace.ncbi.nlm.nih.gov/Traces/sra-reads-be/fastq?acc=SRR8670758
lymphoma_cell_line_wgs,7366191,SRR8652059,PRJNA523380,SRP186687,Cancer Cell Line Encyclopedia (CCLE),SAMN10988031,WGS of KARPAS299_HAEMATOPOIETIC_AND_LYMPHOID_TISSUE,Homo sapiens,WGS,size fractionation,GENOMIC,111185497510,550423255,56.352,true,true,https://trace.ncbi.nlm.nih.gov/Traces/sra-reads-be/fastq?acc=SRR8652059
lymphoma_cell_line_wgs,7347432,SRR8639174,PRJNA523380,SRP186687,Cancer Cell Line Encyclopedia (CCLE),SAMN10987848,WGS of A3KAW_HAEMATOPOIETIC_AND_LYMPHOID_TISSUE,Homo sapiens,WGS,size fractionation,GENOMIC,168933894820,836306410,81.395,true,true,https://trace.ncbi.nlm.nih.gov/Traces/sra-reads-be/fastq?acc=SRR8639174
lymphoma_cell_line_wgs,7347395,SRR8639211,PRJNA523380,SRP186687,Cancer Cell Line Encyclopedia (CCLE),SAMN10987903,WGS of DB_HAEMATOPOIETIC_AND_LYMPHOID_TISSUE,Homo sapiens,WGS,size fractionation,GENOMIC,122028803576,604102988,67.907,true,true,https://trace.ncbi.nlm.nih.gov/Traces/sra-reads-be/fastq?acc=SRR8639211
lymphoma_cell_line_wgs,5698741,SRR7309432,PRJNA475806,SRP150446,Reprogramming the antigen specificity of B cells using genome-editing technologies,SAMN09404498,Ramos B cells with engineered IGHV loci using the V434 strategy after enrichment with C108 SOSIP,Homo sapiens,WGS,size fractionation,GENOMIC,96086640300,320288801,27.32,true,true,https://trace.ncbi.nlm.nih.gov/Traces/sra-reads-be/fastq?acc=SRR7309432
lymphoma_cell_line_wgs,5698740,SRR7309433,PRJNA475806,SRP150446,Reprogramming the antigen specificity of B cells using genome-editing technologies,SAMN09404497,Ramos B cells with engineered IGHV loci using the V781 strategy after enrichment with C108 SOSIP,Homo sapiens,WGS,size fractionation,GENOMIC,107651078100,358836927,29.691,true,true,https://trace.ncbi.nlm.nih.gov/Traces/sra-reads-be/fastq?acc=SRR7309433
lymphoma_cell_line_wgs,715926,SRR1236466,PRJNA172563,SRP020237,CGCI: Non-Hodgkin Lymphoma (NHL),SAMN02726244,WGS analysis of DLBCL cell line OCI-Ly1[P8],,WGS,RANDOM,GENOMIC,112496921200,562484606,56.185,true,true,https://trace.ncbi.nlm.nih.gov/Traces/sra-reads-be/fastq?acc=SRR1236466
lymphoma_cell_line_wgs,715925,SRR1236472,PRJNA172563,SRP020237,CGCI: Non-Hodgkin Lymphoma (NHL),SAMN02726241,WGS analysis of DLBCL cell line MD903[P7],,WGS,RANDOM,GENOMIC,103707467400,518537337,49.244,true,true,https://trace.ncbi.nlm.nih.gov/Traces/sra-reads-be/fastq?acc=SRR1236472
lymphoma_cell_line_wgs,715924,SRR1236468,PRJNA172563,SRP020237,CGCI: Non-Hodgkin Lymphoma (NHL),SAMN02726238,WGS analysis of DLBCL cell line DB[P6],,WGS,RANDOM,GENOMIC,88097283600,440486418,39.906,true,true,https://trace.ncbi.nlm.nih.gov/Traces/sra-reads-be/fastq?acc=SRR1236468
lymphoma_cell_line_wgs,715923,SRR1236473,PRJNA172563,SRP020237,CGCI: Non-Hodgkin Lymphoma (NHL),SAMN02726248,WGS analysis of DLBCL cell line SU-DHL-9[P7],,WGS,RANDOM,GENOMIC,106594770800,532973854,53.118,true,true,https://trace.ncbi.nlm.nih.gov/Traces/sra-reads-be/fastq?acc=SRR1236473
lymphoma_cell_line_wgs,715922,SRR1236474,PRJNA172563,SRP020237,CGCI: Non-Hodgkin Lymphoma (NHL),SAMN02726239,WGS analysis of DLBCL cell line DoHH-2[P9],,WGS,RANDOM,GENOMIC,125102031000,625510155,62.514,true,true,https://trace.ncbi.nlm.nih.gov/Traces/sra-reads-be/fastq?acc=SRR1236474
lymphoma_cell_line_wgs,715921,SRR1236478,PRJNA172563,SRP020237,CGCI: Non-Hodgkin Lymphoma (NHL),SAMN02726240,WGS analysis of DLBCL cell line Karpas 422[P8],,WGS,RANDOM,GENOMIC,121140124600,605700623,59.764,true,true,https://trace.ncbi.nlm.nih.gov/Traces/sra-reads-be/fastq?acc=SRR1236478
lymphoma_cell_line_wgs,715920,SRR1236469,PRJNA172563,SRP020237,CGCI: Non-Hodgkin Lymphoma (NHL),SAMN02726243,WGS analysis of DLBCL cell line NU-DUL-1[P9],,WGS,RANDOM,GENOMIC,95186900600,475934503,45.685,true,true,https://trace.ncbi.nlm.nih.gov/Traces/sra-reads-be/fastq?acc=SRR1236469
lymphoma_cell_line_wgs,715919,SRR1236477,PRJNA172563,SRP020237,CGCI: Non-Hodgkin Lymphoma (NHL),SAMN02726246,WGS analysis of DLBCL cell line OCI-Ly19[P9],,WGS,RANDOM,GENOMIC,98293042200,491465211,47.748,true,true,https://trace.ncbi.nlm.nih.gov/Traces/sra-reads-be/fastq?acc=SRR1236477
lymphoma_cell_line_wgs,715918,SRR1236471,PRJNA172563,SRP020237,CGCI: Non-Hodgkin Lymphoma (NHL),SAMN02726250,WGS analysis of DLBCL cell line OCI-Ly3[P10],,WGS,RANDOM,GENOMIC,95069832200,475349161,45.928,true,true,https://trace.ncbi.nlm.nih.gov/Traces/sra-reads-be/fastq?acc=SRR1236471
lymphoma_cell_line_wgs,715917,SRR1236467,PRJNA172563,SRP020237,CGCI: Non-Hodgkin Lymphoma (NHL),SAMN02726242,WGS analysis of DLBCL cell line NU-DHL-1[P11],,WGS,RANDOM,GENOMIC,122063271600,610316358,61.892,true,true,https://trace.ncbi.nlm.nih.gov/Traces/sra-reads-be/fastq?acc=SRR1236467
lymphoma_cell_line_wgs,715916,SRR1236470,PRJNA172563,SRP020237,CGCI: Non-Hodgkin Lymphoma (NHL),SAMN02726245,WGS analysis of DLBCL cell line OCI-Ly7[P8],,WGS,RANDOM,GENOMIC,104177374400,520886872,51.237,true,true,https://trace.ncbi.nlm.nih.gov/Traces/sra-reads-be/fastq?acc=SRR1236470
lymphoma_cell_line_wgs,715915,SRR1236476,PRJNA172563,SRP020237,CGCI: Non-Hodgkin Lymphoma (NHL),SAMN02726247,WGS analysis of DLBCL cell line SU-DHL-6[P8],,WGS,RANDOM,GENOMIC,116011056400,580055282,53.507,true,true,https://trace.ncbi.nlm.nih.gov/Traces/sra-reads-be/fastq?acc=SRR1236476
lymphoma_cell_line_wgs,715914,SRR1236475,PRJNA172563,SRP020237,CGCI: Non-Hodgkin Lymphoma (NHL),SAMN02726249,WGS analysis of DLBCL cell line WSU-DLCL2[P6],,WGS,RANDOM,GENOMIC,102733056400,513665282,47.009,true,true,https://trace.ncbi.nlm.nih.gov/Traces/sra-reads-be/fastq?acc=SRR1236475
