cohort	cohort_label	sample	species	deduplicated_reads
targeted_htlv	Targeted HTLV TCL	targeted_htlv_tcl_TCL219-C1_S05	HTLV1	81039
targeted_htlv	Targeted HTLV TCL	targeted_htlv_tcl_TCL219-C1_S05	HTLV2	0
targeted_htlv	Targeted HTLV TCL	targeted_htlv_tcl_TCL219-C1_S05	HIV1	0
targeted_htlv	Targeted HTLV TCL	targeted_htlv_tcl_TCL219-C1_S05	HIV2	0
targeted_htlv	Targeted HTLV TCL	targeted_htlv_tcl_TCL219-C1_S05	HERV	0
targeted_htlv	Targeted HTLV TCL	targeted_htlv_tcl_TCL245-C1_S01	HTLV1	52351
targeted_htlv	Targeted HTLV TCL	targeted_htlv_tcl_TCL245-C1_S01	HTLV2	0
targeted_htlv	Targeted HTLV TCL	targeted_htlv_tcl_TCL245-C1_S01	HIV1	0
targeted_htlv	Targeted HTLV TCL	targeted_htlv_tcl_TCL245-C1_S01	HIV2	0
targeted_htlv	Targeted HTLV TCL	targeted_htlv_tcl_TCL245-C1_S01	HERV	0
targeted_htlv	Targeted HTLV TCL	targeted_htlv_tcl_TCL201-C1_S07	HTLV1	51462
targeted_htlv	Targeted HTLV TCL	targeted_htlv_tcl_TCL201-C1_S07	HTLV2	0
targeted_htlv	Targeted HTLV TCL	targeted_htlv_tcl_TCL201-C1_S07	HIV1	0
targeted_htlv	Targeted HTLV TCL	targeted_htlv_tcl_TCL201-C1_S07	HIV2	0
targeted_htlv	Targeted HTLV TCL	targeted_htlv_tcl_TCL201-C1_S07	HERV	0
targeted_htlv	Targeted HTLV TCL	targeted_htlv_tcl_TCL218-C1_S05	HTLV1	49811
targeted_htlv	Targeted HTLV TCL	targeted_htlv_tcl_TCL218-C1_S05	HTLV2	0
targeted_htlv	Targeted HTLV TCL	targeted_htlv_tcl_TCL218-C1_S05	HIV1	0
targeted_htlv	Targeted HTLV TCL	targeted_htlv_tcl_TCL218-C1_S05	HIV2	0
targeted_htlv	Targeted HTLV TCL	targeted_htlv_tcl_TCL218-C1_S05	HERV	0
targeted_htlv	Targeted HTLV TCL	targeted_htlv_tcl_TCL210-C1_S08	HTLV1	43766
targeted_htlv	Targeted HTLV TCL	targeted_htlv_tcl_TCL210-C1_S08	HTLV2	0
targeted_htlv	Targeted HTLV TCL	targeted_htlv_tcl_TCL210-C1_S08	HIV1	0
targeted_htlv	Targeted HTLV TCL	targeted_htlv_tcl_TCL210-C1_S08	HIV2	0
targeted_htlv	Targeted HTLV TCL	targeted_htlv_tcl_TCL210-C1_S08	HERV	0
targeted_htlv	Targeted HTLV TCL	targeted_htlv_tcl_TCL243-C1_S04	HTLV1	35958
targeted_htlv	Targeted HTLV TCL	targeted_htlv_tcl_TCL243-C1_S04	HTLV2	0
targeted_htlv	Targeted HTLV TCL	targeted_htlv_tcl_TCL243-C1_S04	HIV1	0
targeted_htlv	Targeted HTLV TCL	targeted_htlv_tcl_TCL243-C1_S04	HIV2	0
targeted_htlv	Targeted HTLV TCL	targeted_htlv_tcl_TCL243-C1_S04	HERV	0
targeted_htlv	Targeted HTLV TCL	targeted_htlv_tcl_TCL224-C1_S03	HTLV1	31498
targeted_htlv	Targeted HTLV TCL	targeted_htlv_tcl_TCL224-C1_S03	HTLV2	0
targeted_htlv	Targeted HTLV TCL	targeted_htlv_tcl_TCL224-C1_S03	HIV1	0
targeted_htlv	Targeted HTLV TCL	targeted_htlv_tcl_TCL224-C1_S03	HIV2	0
targeted_htlv	Targeted HTLV TCL	targeted_htlv_tcl_TCL224-C1_S03	HERV	0
targeted_htlv	Targeted HTLV TCL	targeted_htlv_tcl_TCL205-C1_S03	HTLV1	30412
targeted_htlv	Targeted HTLV TCL	targeted_htlv_tcl_TCL205-C1_S03	HTLV2	0
targeted_htlv	Targeted HTLV TCL	targeted_htlv_tcl_TCL205-C1_S03	HIV1	0
targeted_htlv	Targeted HTLV TCL	targeted_htlv_tcl_TCL205-C1_S03	HIV2	0
targeted_htlv	Targeted HTLV TCL	targeted_htlv_tcl_TCL205-C1_S03	HERV	0
targeted_htlv	Targeted HTLV TCL	targeted_htlv_tcl_TCL251-C1_S02	HTLV1	21795
targeted_htlv	Targeted HTLV TCL	targeted_htlv_tcl_TCL251-C1_S02	HTLV2	0
targeted_htlv	Targeted HTLV TCL	targeted_htlv_tcl_TCL251-C1_S02	HIV1	0
targeted_htlv	Targeted HTLV TCL	targeted_htlv_tcl_TCL251-C1_S02	HIV2	0
targeted_htlv	Targeted HTLV TCL	targeted_htlv_tcl_TCL251-C1_S02	HERV	0
targeted_htlv	Targeted HTLV TCL	targeted_htlv_tcl_TCL226-C1_S04	HTLV1	19382
targeted_htlv	Targeted HTLV TCL	targeted_htlv_tcl_TCL226-C1_S04	HTLV2	0
targeted_htlv	Targeted HTLV TCL	targeted_htlv_tcl_TCL226-C1_S04	HIV1	0
targeted_htlv	Targeted HTLV TCL	targeted_htlv_tcl_TCL226-C1_S04	HIV2	0
targeted_htlv	Targeted HTLV TCL	targeted_htlv_tcl_TCL226-C1_S04	HERV	0
targeted_htlv	Targeted HTLV TCL	targeted_htlv_tcl_TCL237-C2_S08	HTLV1	18171
targeted_htlv	Targeted HTLV TCL	targeted_htlv_tcl_TCL237-C2_S08	HTLV2	0
targeted_htlv	Targeted HTLV TCL	targeted_htlv_tcl_TCL237-C2_S08	HIV1	0
targeted_htlv	Targeted HTLV TCL	targeted_htlv_tcl_TCL237-C2_S08	HIV2	0
targeted_htlv	Targeted HTLV TCL	targeted_htlv_tcl_TCL237-C2_S08	HERV	2
targeted_htlv	Targeted HTLV TCL	targeted_htlv_tcl_TCL326-P1_S02	HTLV1	13865
targeted_htlv	Targeted HTLV TCL	targeted_htlv_tcl_TCL326-P1_S02	HTLV2	0
targeted_htlv	Targeted HTLV TCL	targeted_htlv_tcl_TCL326-P1_S02	HIV1	0
targeted_htlv	Targeted HTLV TCL	targeted_htlv_tcl_TCL326-P1_S02	HIV2	0
targeted_htlv	Targeted HTLV TCL	targeted_htlv_tcl_TCL326-P1_S02	HERV	0
targeted_htlv	Targeted HTLV TCL	targeted_htlv_tcl_TCL241-C1_S07	HTLV1	13857
targeted_htlv	Targeted HTLV TCL	targeted_htlv_tcl_TCL241-C1_S07	HTLV2	0
targeted_htlv	Targeted HTLV TCL	targeted_htlv_tcl_TCL241-C1_S07	HIV1	0
targeted_htlv	Targeted HTLV TCL	targeted_htlv_tcl_TCL241-C1_S07	HIV2	0
targeted_htlv	Targeted HTLV TCL	targeted_htlv_tcl_TCL241-C1_S07	HERV	0
targeted_htlv	Targeted HTLV TCL	targeted_htlv_tcl_TCL246-C1_S07	HTLV1	13787
targeted_htlv	Targeted HTLV TCL	targeted_htlv_tcl_TCL246-C1_S07	HTLV2	0
targeted_htlv	Targeted HTLV TCL	targeted_htlv_tcl_TCL246-C1_S07	HIV1	0
targeted_htlv	Targeted HTLV TCL	targeted_htlv_tcl_TCL246-C1_S07	HIV2	0
targeted_htlv	Targeted HTLV TCL	targeted_htlv_tcl_TCL246-C1_S07	HERV	2
targeted_htlv	Targeted HTLV TCL	targeted_htlv_tcl_TCL211-C1_S06	HTLV1	13413
targeted_htlv	Targeted HTLV TCL	targeted_htlv_tcl_TCL211-C1_S06	HTLV2	0
targeted_htlv	Targeted HTLV TCL	targeted_htlv_tcl_TCL211-C1_S06	HIV1	0
targeted_htlv	Targeted HTLV TCL	targeted_htlv_tcl_TCL211-C1_S06	HIV2	0
targeted_htlv	Targeted HTLV TCL	targeted_htlv_tcl_TCL211-C1_S06	HERV	0
targeted_htlv	Targeted HTLV TCL	targeted_htlv_tcl_TCL212-C1_S04	HTLV1	13203
targeted_htlv	Targeted HTLV TCL	targeted_htlv_tcl_TCL212-C1_S04	HTLV2	0
targeted_htlv	Targeted HTLV TCL	targeted_htlv_tcl_TCL212-C1_S04	HIV1	0
targeted_htlv	Targeted HTLV TCL	targeted_htlv_tcl_TCL212-C1_S04	HIV2	0
targeted_htlv	Targeted HTLV TCL	targeted_htlv_tcl_TCL212-C1_S04	HERV	0
targeted_htlv	Targeted HTLV TCL	targeted_htlv_tcl_TCL326-P2_S01	HTLV1	10296
targeted_htlv	Targeted HTLV TCL	targeted_htlv_tcl_TCL326-P2_S01	HTLV2	0
targeted_htlv	Targeted HTLV TCL	targeted_htlv_tcl_TCL326-P2_S01	HIV1	0
targeted_htlv	Targeted HTLV TCL	targeted_htlv_tcl_TCL326-P2_S01	HIV2	0
targeted_htlv	Targeted HTLV TCL	targeted_htlv_tcl_TCL326-P2_S01	HERV	0
targeted_htlv	Targeted HTLV TCL	targeted_htlv_tcl_TCL215-C2_S06	HTLV1	8270
targeted_htlv	Targeted HTLV TCL	targeted_htlv_tcl_TCL215-C2_S06	HTLV2	0
targeted_htlv	Targeted HTLV TCL	targeted_htlv_tcl_TCL215-C2_S06	HIV1	0
targeted_htlv	Targeted HTLV TCL	targeted_htlv_tcl_TCL215-C2_S06	HIV2	0
targeted_htlv	Targeted HTLV TCL	targeted_htlv_tcl_TCL215-C2_S06	HERV	0
targeted_htlv	Targeted HTLV TCL	targeted_htlv_tcl_TCL326-PD_S03	HTLV1	8182
targeted_htlv	Targeted HTLV TCL	targeted_htlv_tcl_TCL326-PD_S03	HTLV2	0
targeted_htlv	Targeted HTLV TCL	targeted_htlv_tcl_TCL326-PD_S03	HIV1	0
targeted_htlv	Targeted HTLV TCL	targeted_htlv_tcl_TCL326-PD_S03	HIV2	0
targeted_htlv	Targeted HTLV TCL	targeted_htlv_tcl_TCL326-PD_S03	HERV	0
targeted_htlv	Targeted HTLV TCL	targeted_htlv_tcl_TCL208-C2_S03	HTLV1	6805
targeted_htlv	Targeted HTLV TCL	targeted_htlv_tcl_TCL208-C2_S03	HTLV2	0
targeted_htlv	Targeted HTLV TCL	targeted_htlv_tcl_TCL208-C2_S03	HIV1	0
targeted_htlv	Targeted HTLV TCL	targeted_htlv_tcl_TCL208-C2_S03	HIV2	0
targeted_htlv	Targeted HTLV TCL	targeted_htlv_tcl_TCL208-C2_S03	HERV	0
targeted_htlv	Targeted HTLV TCL	targeted_htlv_tcl_TCL239-C1_S08	HTLV1	6351
targeted_htlv	Targeted HTLV TCL	targeted_htlv_tcl_TCL239-C1_S08	HTLV2	0
targeted_htlv	Targeted HTLV TCL	targeted_htlv_tcl_TCL239-C1_S08	HIV1	0
targeted_htlv	Targeted HTLV TCL	targeted_htlv_tcl_TCL239-C1_S08	HIV2	0
targeted_htlv	Targeted HTLV TCL	targeted_htlv_tcl_TCL239-C1_S08	HERV	0
targeted_htlv	Targeted HTLV TCL	targeted_htlv_tcl_TCL252-C1_S07	HTLV1	5849
targeted_htlv	Targeted HTLV TCL	targeted_htlv_tcl_TCL252-C1_S07	HTLV2	0
targeted_htlv	Targeted HTLV TCL	targeted_htlv_tcl_TCL252-C1_S07	HIV1	0
targeted_htlv	Targeted HTLV TCL	targeted_htlv_tcl_TCL252-C1_S07	HIV2	0
targeted_htlv	Targeted HTLV TCL	targeted_htlv_tcl_TCL252-C1_S07	HERV	0
targeted_htlv	Targeted HTLV TCL	targeted_htlv_tcl_TCL222-C1_S06	HTLV1	4619
targeted_htlv	Targeted HTLV TCL	targeted_htlv_tcl_TCL222-C1_S06	HTLV2	0
targeted_htlv	Targeted HTLV TCL	targeted_htlv_tcl_TCL222-C1_S06	HIV1	0
targeted_htlv	Targeted HTLV TCL	targeted_htlv_tcl_TCL222-C1_S06	HIV2	0
targeted_htlv	Targeted HTLV TCL	targeted_htlv_tcl_TCL222-C1_S06	HERV	0
targeted_htlv	Targeted HTLV TCL	targeted_htlv_tcl_TCL305-P10_S06	HTLV1	4383
targeted_htlv	Targeted HTLV TCL	targeted_htlv_tcl_TCL305-P10_S06	HTLV2	0
targeted_htlv	Targeted HTLV TCL	targeted_htlv_tcl_TCL305-P10_S06	HIV1	0
targeted_htlv	Targeted HTLV TCL	targeted_htlv_tcl_TCL305-P10_S06	HIV2	0
targeted_htlv	Targeted HTLV TCL	targeted_htlv_tcl_TCL305-P10_S06	HERV	0
targeted_htlv	Targeted HTLV TCL	targeted_htlv_tcl_TCL301-P10_S02	HTLV1	4281
targeted_htlv	Targeted HTLV TCL	targeted_htlv_tcl_TCL301-P10_S02	HTLV2	0
targeted_htlv	Targeted HTLV TCL	targeted_htlv_tcl_TCL301-P10_S02	HIV1	0
targeted_htlv	Targeted HTLV TCL	targeted_htlv_tcl_TCL301-P10_S02	HIV2	0
targeted_htlv	Targeted HTLV TCL	targeted_htlv_tcl_TCL301-P10_S02	HERV	0
targeted_htlv	Targeted HTLV TCL	targeted_htlv_tcl_TCL202-C1_S02	HTLV1	4246
targeted_htlv	Targeted HTLV TCL	targeted_htlv_tcl_TCL202-C1_S02	HTLV2	0
targeted_htlv	Targeted HTLV TCL	targeted_htlv_tcl_TCL202-C1_S02	HIV1	0
targeted_htlv	Targeted HTLV TCL	targeted_htlv_tcl_TCL202-C1_S02	HIV2	0
targeted_htlv	Targeted HTLV TCL	targeted_htlv_tcl_TCL202-C1_S02	HERV	0
targeted_htlv	Targeted HTLV TCL	targeted_htlv_tcl_TCL230-C2_S01	HTLV1	4225
targeted_htlv	Targeted HTLV TCL	targeted_htlv_tcl_TCL230-C2_S01	HTLV2	0
targeted_htlv	Targeted HTLV TCL	targeted_htlv_tcl_TCL230-C2_S01	HIV1	0
targeted_htlv	Targeted HTLV TCL	targeted_htlv_tcl_TCL230-C2_S01	HIV2	0
targeted_htlv	Targeted HTLV TCL	targeted_htlv_tcl_TCL230-C2_S01	HERV	0
targeted_htlv	Targeted HTLV TCL	targeted_htlv_tcl_TCL301-P5_S05	HTLV1	2900
targeted_htlv	Targeted HTLV TCL	targeted_htlv_tcl_TCL301-P5_S05	HTLV2	0
targeted_htlv	Targeted HTLV TCL	targeted_htlv_tcl_TCL301-P5_S05	HIV1	0
targeted_htlv	Targeted HTLV TCL	targeted_htlv_tcl_TCL301-P5_S05	HIV2	0
targeted_htlv	Targeted HTLV TCL	targeted_htlv_tcl_TCL301-P5_S05	HERV	0
targeted_htlv	Targeted HTLV TCL	targeted_htlv_tcl_TCL247-C1_S06	HTLV1	2787
targeted_htlv	Targeted HTLV TCL	targeted_htlv_tcl_TCL247-C1_S06	HTLV2	0
targeted_htlv	Targeted HTLV TCL	targeted_htlv_tcl_TCL247-C1_S06	HIV1	0
targeted_htlv	Targeted HTLV TCL	targeted_htlv_tcl_TCL247-C1_S06	HIV2	0
targeted_htlv	Targeted HTLV TCL	targeted_htlv_tcl_TCL247-C1_S06	HERV	2
targeted_htlv	Targeted HTLV TCL	targeted_htlv_tcl_TCL327-PD_S02	HTLV1	2645
targeted_htlv	Targeted HTLV TCL	targeted_htlv_tcl_TCL327-PD_S02	HTLV2	0
targeted_htlv	Targeted HTLV TCL	targeted_htlv_tcl_TCL327-PD_S02	HIV1	0
targeted_htlv	Targeted HTLV TCL	targeted_htlv_tcl_TCL327-PD_S02	HIV2	0
targeted_htlv	Targeted HTLV TCL	targeted_htlv_tcl_TCL327-PD_S02	HERV	0
targeted_htlv	Targeted HTLV TCL	targeted_htlv_tcl_TCL234-C1_S07	HTLV1	2471
targeted_htlv	Targeted HTLV TCL	targeted_htlv_tcl_TCL234-C1_S07	HTLV2	0
targeted_htlv	Targeted HTLV TCL	targeted_htlv_tcl_TCL234-C1_S07	HIV1	0
targeted_htlv	Targeted HTLV TCL	targeted_htlv_tcl_TCL234-C1_S07	HIV2	0
targeted_htlv	Targeted HTLV TCL	targeted_htlv_tcl_TCL234-C1_S07	HERV	0
targeted_htlv	Targeted HTLV TCL	targeted_htlv_tcl_TCL238-C1_S07	HTLV1	2416
targeted_htlv	Targeted HTLV TCL	targeted_htlv_tcl_TCL238-C1_S07	HTLV2	0
targeted_htlv	Targeted HTLV TCL	targeted_htlv_tcl_TCL238-C1_S07	HIV1	0
targeted_htlv	Targeted HTLV TCL	targeted_htlv_tcl_TCL238-C1_S07	HIV2	0
targeted_htlv	Targeted HTLV TCL	targeted_htlv_tcl_TCL238-C1_S07	HERV	0
targeted_htlv	Targeted HTLV TCL	targeted_htlv_tcl_TCL221-C1_S05	HTLV1	2401
targeted_htlv	Targeted HTLV TCL	targeted_htlv_tcl_TCL221-C1_S05	HTLV2	0
targeted_htlv	Targeted HTLV TCL	targeted_htlv_tcl_TCL221-C1_S05	HIV1	0
targeted_htlv	Targeted HTLV TCL	targeted_htlv_tcl_TCL221-C1_S05	HIV2	0
targeted_htlv	Targeted HTLV TCL	targeted_htlv_tcl_TCL221-C1_S05	HERV	0
targeted_htlv	Targeted HTLV TCL	targeted_htlv_tcl_TCL237-C1_S01	HTLV1	2349
targeted_htlv	Targeted HTLV TCL	targeted_htlv_tcl_TCL237-C1_S01	HTLV2	0
targeted_htlv	Targeted HTLV TCL	targeted_htlv_tcl_TCL237-C1_S01	HIV1	0
targeted_htlv	Targeted HTLV TCL	targeted_htlv_tcl_TCL237-C1_S01	HIV2	0
targeted_htlv	Targeted HTLV TCL	targeted_htlv_tcl_TCL237-C1_S01	HERV	0
targeted_htlv	Targeted HTLV TCL	targeted_htlv_tcl_TCL204-C1_S03	HTLV1	2333
targeted_htlv	Targeted HTLV TCL	targeted_htlv_tcl_TCL204-C1_S03	HTLV2	0
targeted_htlv	Targeted HTLV TCL	targeted_htlv_tcl_TCL204-C1_S03	HIV1	0
targeted_htlv	Targeted HTLV TCL	targeted_htlv_tcl_TCL204-C1_S03	HIV2	0
targeted_htlv	Targeted HTLV TCL	targeted_htlv_tcl_TCL204-C1_S03	HERV	0
targeted_htlv	Targeted HTLV TCL	targeted_htlv_tcl_TCL206-C1_S08	HTLV1	2312
targeted_htlv	Targeted HTLV TCL	targeted_htlv_tcl_TCL206-C1_S08	HTLV2	0
targeted_htlv	Targeted HTLV TCL	targeted_htlv_tcl_TCL206-C1_S08	HIV1	0
targeted_htlv	Targeted HTLV TCL	targeted_htlv_tcl_TCL206-C1_S08	HIV2	0
targeted_htlv	Targeted HTLV TCL	targeted_htlv_tcl_TCL206-C1_S08	HERV	0
targeted_htlv	Targeted HTLV TCL	targeted_htlv_tcl_TCL250-C1_S02	HTLV1	2267
targeted_htlv	Targeted HTLV TCL	targeted_htlv_tcl_TCL250-C1_S02	HTLV2	0
targeted_htlv	Targeted HTLV TCL	targeted_htlv_tcl_TCL250-C1_S02	HIV1	0
targeted_htlv	Targeted HTLV TCL	targeted_htlv_tcl_TCL250-C1_S02	HIV2	0
targeted_htlv	Targeted HTLV TCL	targeted_htlv_tcl_TCL250-C1_S02	HERV	0
targeted_htlv	Targeted HTLV TCL	targeted_htlv_tcl_TCL210-C2_S05	HTLV1	2195
targeted_htlv	Targeted HTLV TCL	targeted_htlv_tcl_TCL210-C2_S05	HTLV2	0
targeted_htlv	Targeted HTLV TCL	targeted_htlv_tcl_TCL210-C2_S05	HIV1	0
targeted_htlv	Targeted HTLV TCL	targeted_htlv_tcl_TCL210-C2_S05	HIV2	0
targeted_htlv	Targeted HTLV TCL	targeted_htlv_tcl_TCL210-C2_S05	HERV	0
targeted_htlv	Targeted HTLV TCL	targeted_htlv_tcl_TCL203-C1_S06	HTLV1	1988
targeted_htlv	Targeted HTLV TCL	targeted_htlv_tcl_TCL203-C1_S06	HTLV2	0
targeted_htlv	Targeted HTLV TCL	targeted_htlv_tcl_TCL203-C1_S06	HIV1	0
targeted_htlv	Targeted HTLV TCL	targeted_htlv_tcl_TCL203-C1_S06	HIV2	0
targeted_htlv	Targeted HTLV TCL	targeted_htlv_tcl_TCL203-C1_S06	HERV	0
targeted_htlv	Targeted HTLV TCL	targeted_htlv_tcl_TCL217-C1_S09	HTLV1	1917
targeted_htlv	Targeted HTLV TCL	targeted_htlv_tcl_TCL217-C1_S09	HTLV2	0
targeted_htlv	Targeted HTLV TCL	targeted_htlv_tcl_TCL217-C1_S09	HIV1	0
targeted_htlv	Targeted HTLV TCL	targeted_htlv_tcl_TCL217-C1_S09	HIV2	0
targeted_htlv	Targeted HTLV TCL	targeted_htlv_tcl_TCL217-C1_S09	HERV	0
targeted_htlv	Targeted HTLV TCL	targeted_htlv_tcl_TCL207-C1_S02	HTLV1	1859
targeted_htlv	Targeted HTLV TCL	targeted_htlv_tcl_TCL207-C1_S02	HTLV2	0
targeted_htlv	Targeted HTLV TCL	targeted_htlv_tcl_TCL207-C1_S02	HIV1	0
targeted_htlv	Targeted HTLV TCL	targeted_htlv_tcl_TCL207-C1_S02	HIV2	0
targeted_htlv	Targeted HTLV TCL	targeted_htlv_tcl_TCL207-C1_S02	HERV	0
targeted_htlv	Targeted HTLV TCL	targeted_htlv_tcl_TCL306-P1_S03	HTLV1	1423
targeted_htlv	Targeted HTLV TCL	targeted_htlv_tcl_TCL306-P1_S03	HTLV2	0
targeted_htlv	Targeted HTLV TCL	targeted_htlv_tcl_TCL306-P1_S03	HIV1	0
targeted_htlv	Targeted HTLV TCL	targeted_htlv_tcl_TCL306-P1_S03	HIV2	0
targeted_htlv	Targeted HTLV TCL	targeted_htlv_tcl_TCL306-P1_S03	HERV	0
targeted_htlv	Targeted HTLV TCL	targeted_htlv_tcl_TCL235-C1_S08	HTLV1	1282
targeted_htlv	Targeted HTLV TCL	targeted_htlv_tcl_TCL235-C1_S08	HTLV2	0
targeted_htlv	Targeted HTLV TCL	targeted_htlv_tcl_TCL235-C1_S08	HIV1	0
targeted_htlv	Targeted HTLV TCL	targeted_htlv_tcl_TCL235-C1_S08	HIV2	0
targeted_htlv	Targeted HTLV TCL	targeted_htlv_tcl_TCL235-C1_S08	HERV	0
targeted_htlv	Targeted HTLV TCL	targeted_htlv_tcl_TCL305-P1_S02	HTLV1	1210
targeted_htlv	Targeted HTLV TCL	targeted_htlv_tcl_TCL305-P1_S02	HTLV2	0
targeted_htlv	Targeted HTLV TCL	targeted_htlv_tcl_TCL305-P1_S02	HIV1	0
targeted_htlv	Targeted HTLV TCL	targeted_htlv_tcl_TCL305-P1_S02	HIV2	0
targeted_htlv	Targeted HTLV TCL	targeted_htlv_tcl_TCL305-P1_S02	HERV	0
targeted_htlv	Targeted HTLV TCL	targeted_htlv_tcl_TCL327-P2_S06	HTLV1	1037
targeted_htlv	Targeted HTLV TCL	targeted_htlv_tcl_TCL327-P2_S06	HTLV2	0
targeted_htlv	Targeted HTLV TCL	targeted_htlv_tcl_TCL327-P2_S06	HIV1	0
targeted_htlv	Targeted HTLV TCL	targeted_htlv_tcl_TCL327-P2_S06	HIV2	0
targeted_htlv	Targeted HTLV TCL	targeted_htlv_tcl_TCL327-P2_S06	HERV	0
targeted_htlv	Targeted HTLV TCL	targeted_htlv_tcl_TCL303-P1_S06	HTLV1	1003
targeted_htlv	Targeted HTLV TCL	targeted_htlv_tcl_TCL303-P1_S06	HTLV2	0
targeted_htlv	Targeted HTLV TCL	targeted_htlv_tcl_TCL303-P1_S06	HIV1	0
targeted_htlv	Targeted HTLV TCL	targeted_htlv_tcl_TCL303-P1_S06	HIV2	0
targeted_htlv	Targeted HTLV TCL	targeted_htlv_tcl_TCL303-P1_S06	HERV	0
targeted_htlv	Targeted HTLV TCL	targeted_htlv_tcl_TCL302-P5_S06	HTLV1	996
targeted_htlv	Targeted HTLV TCL	targeted_htlv_tcl_TCL302-P5_S06	HTLV2	0
targeted_htlv	Targeted HTLV TCL	targeted_htlv_tcl_TCL302-P5_S06	HIV1	0
targeted_htlv	Targeted HTLV TCL	targeted_htlv_tcl_TCL302-P5_S06	HIV2	0
targeted_htlv	Targeted HTLV TCL	targeted_htlv_tcl_TCL302-P5_S06	HERV	0
targeted_htlv	Targeted HTLV TCL	targeted_htlv_tcl_TCL233-C2_S08	HTLV1	894
targeted_htlv	Targeted HTLV TCL	targeted_htlv_tcl_TCL233-C2_S08	HTLV2	0
targeted_htlv	Targeted HTLV TCL	targeted_htlv_tcl_TCL233-C2_S08	HIV1	0
targeted_htlv	Targeted HTLV TCL	targeted_htlv_tcl_TCL233-C2_S08	HIV2	0
targeted_htlv	Targeted HTLV TCL	targeted_htlv_tcl_TCL233-C2_S08	HERV	0
targeted_htlv	Targeted HTLV TCL	targeted_htlv_tcl_TCL209-C1_S02	HTLV1	884
targeted_htlv	Targeted HTLV TCL	targeted_htlv_tcl_TCL209-C1_S02	HTLV2	0
targeted_htlv	Targeted HTLV TCL	targeted_htlv_tcl_TCL209-C1_S02	HIV1	0
targeted_htlv	Targeted HTLV TCL	targeted_htlv_tcl_TCL209-C1_S02	HIV2	0
targeted_htlv	Targeted HTLV TCL	targeted_htlv_tcl_TCL209-C1_S02	HERV	0
targeted_htlv	Targeted HTLV TCL	targeted_htlv_tcl_TCL214-C1_S09	HTLV1	789
targeted_htlv	Targeted HTLV TCL	targeted_htlv_tcl_TCL214-C1_S09	HTLV2	0
targeted_htlv	Targeted HTLV TCL	targeted_htlv_tcl_TCL214-C1_S09	HIV1	0
targeted_htlv	Targeted HTLV TCL	targeted_htlv_tcl_TCL214-C1_S09	HIV2	0
targeted_htlv	Targeted HTLV TCL	targeted_htlv_tcl_TCL214-C1_S09	HERV	0
targeted_htlv	Targeted HTLV TCL	targeted_htlv_tcl_TCL302-P10_S03	HTLV1	767
targeted_htlv	Targeted HTLV TCL	targeted_htlv_tcl_TCL302-P10_S03	HTLV2	0
targeted_htlv	Targeted HTLV TCL	targeted_htlv_tcl_TCL302-P10_S03	HIV1	0
targeted_htlv	Targeted HTLV TCL	targeted_htlv_tcl_TCL302-P10_S03	HIV2	0
targeted_htlv	Targeted HTLV TCL	targeted_htlv_tcl_TCL302-P10_S03	HERV	0
targeted_htlv	Targeted HTLV TCL	targeted_htlv_tcl_TCL328-P2_S05	HTLV1	740
targeted_htlv	Targeted HTLV TCL	targeted_htlv_tcl_TCL328-P2_S05	HTLV2	0
targeted_htlv	Targeted HTLV TCL	targeted_htlv_tcl_TCL328-P2_S05	HIV1	0
targeted_htlv	Targeted HTLV TCL	targeted_htlv_tcl_TCL328-P2_S05	HIV2	0
targeted_htlv	Targeted HTLV TCL	targeted_htlv_tcl_TCL328-P2_S05	HERV	0
targeted_htlv	Targeted HTLV TCL	targeted_htlv_tcl_TCL305-P5_S03	HTLV1	729
targeted_htlv	Targeted HTLV TCL	targeted_htlv_tcl_TCL305-P5_S03	HTLV2	0
targeted_htlv	Targeted HTLV TCL	targeted_htlv_tcl_TCL305-P5_S03	HIV1	0
targeted_htlv	Targeted HTLV TCL	targeted_htlv_tcl_TCL305-P5_S03	HIV2	0
targeted_htlv	Targeted HTLV TCL	targeted_htlv_tcl_TCL305-P5_S03	HERV	0
targeted_htlv	Targeted HTLV TCL	targeted_htlv_tcl_TCL227-C1_S03	HTLV1	630
targeted_htlv	Targeted HTLV TCL	targeted_htlv_tcl_TCL227-C1_S03	HTLV2	0
targeted_htlv	Targeted HTLV TCL	targeted_htlv_tcl_TCL227-C1_S03	HIV1	0
targeted_htlv	Targeted HTLV TCL	targeted_htlv_tcl_TCL227-C1_S03	HIV2	0
targeted_htlv	Targeted HTLV TCL	targeted_htlv_tcl_TCL227-C1_S03	HERV	0
targeted_htlv	Targeted HTLV TCL	targeted_htlv_tcl_TCL327-P1_S01	HTLV1	571
targeted_htlv	Targeted HTLV TCL	targeted_htlv_tcl_TCL327-P1_S01	HTLV2	0
targeted_htlv	Targeted HTLV TCL	targeted_htlv_tcl_TCL327-P1_S01	HIV1	0
targeted_htlv	Targeted HTLV TCL	targeted_htlv_tcl_TCL327-P1_S01	HIV2	0
targeted_htlv	Targeted HTLV TCL	targeted_htlv_tcl_TCL327-P1_S01	HERV	0
targeted_htlv	Targeted HTLV TCL	targeted_htlv_tcl_TCL220-C1_S05	HTLV1	505
targeted_htlv	Targeted HTLV TCL	targeted_htlv_tcl_TCL220-C1_S05	HTLV2	0
targeted_htlv	Targeted HTLV TCL	targeted_htlv_tcl_TCL220-C1_S05	HIV1	0
targeted_htlv	Targeted HTLV TCL	targeted_htlv_tcl_TCL220-C1_S05	HIV2	0
targeted_htlv	Targeted HTLV TCL	targeted_htlv_tcl_TCL220-C1_S05	HERV	0
targeted_htlv	Targeted HTLV TCL	targeted_htlv_tcl_TCL229-C1_S03	HTLV1	464
targeted_htlv	Targeted HTLV TCL	targeted_htlv_tcl_TCL229-C1_S03	HTLV2	0
targeted_htlv	Targeted HTLV TCL	targeted_htlv_tcl_TCL229-C1_S03	HIV1	0
targeted_htlv	Targeted HTLV TCL	targeted_htlv_tcl_TCL229-C1_S03	HIV2	0
targeted_htlv	Targeted HTLV TCL	targeted_htlv_tcl_TCL229-C1_S03	HERV	0
targeted_htlv	Targeted HTLV TCL	targeted_htlv_tcl_TCL330-PE_S04	HTLV1	458
targeted_htlv	Targeted HTLV TCL	targeted_htlv_tcl_TCL330-PE_S04	HTLV2	0
targeted_htlv	Targeted HTLV TCL	targeted_htlv_tcl_TCL330-PE_S04	HIV1	0
targeted_htlv	Targeted HTLV TCL	targeted_htlv_tcl_TCL330-PE_S04	HIV2	0
targeted_htlv	Targeted HTLV TCL	targeted_htlv_tcl_TCL330-PE_S04	HERV	0
targeted_htlv	Targeted HTLV TCL	targeted_htlv_tcl_TCL328-P1_S06	HTLV1	412
targeted_htlv	Targeted HTLV TCL	targeted_htlv_tcl_TCL328-P1_S06	HTLV2	0
targeted_htlv	Targeted HTLV TCL	targeted_htlv_tcl_TCL328-P1_S06	HIV1	0
targeted_htlv	Targeted HTLV TCL	targeted_htlv_tcl_TCL328-P1_S06	HIV2	0
targeted_htlv	Targeted HTLV TCL	targeted_htlv_tcl_TCL328-P1_S06	HERV	0
targeted_htlv	Targeted HTLV TCL	targeted_htlv_tcl_TCL303-P5_S01	HTLV1	323
targeted_htlv	Targeted HTLV TCL	targeted_htlv_tcl_TCL303-P5_S01	HTLV2	0
targeted_htlv	Targeted HTLV TCL	targeted_htlv_tcl_TCL303-P5_S01	HIV1	0
targeted_htlv	Targeted HTLV TCL	targeted_htlv_tcl_TCL303-P5_S01	HIV2	0
targeted_htlv	Targeted HTLV TCL	targeted_htlv_tcl_TCL303-P5_S01	HERV	0
targeted_htlv	Targeted HTLV TCL	targeted_htlv_tcl_TCL209-C2_S08	HTLV1	218
targeted_htlv	Targeted HTLV TCL	targeted_htlv_tcl_TCL209-C2_S08	HTLV2	0
targeted_htlv	Targeted HTLV TCL	targeted_htlv_tcl_TCL209-C2_S08	HIV1	0
targeted_htlv	Targeted HTLV TCL	targeted_htlv_tcl_TCL209-C2_S08	HIV2	0
targeted_htlv	Targeted HTLV TCL	targeted_htlv_tcl_TCL209-C2_S08	HERV	0
targeted_htlv	Targeted HTLV TCL	targeted_htlv_tcl_TCL304-P5_S02	HTLV1	192
targeted_htlv	Targeted HTLV TCL	targeted_htlv_tcl_TCL304-P5_S02	HTLV2	0
targeted_htlv	Targeted HTLV TCL	targeted_htlv_tcl_TCL304-P5_S02	HIV1	0
targeted_htlv	Targeted HTLV TCL	targeted_htlv_tcl_TCL304-P5_S02	HIV2	0
targeted_htlv	Targeted HTLV TCL	targeted_htlv_tcl_TCL304-P5_S02	HERV	0
targeted_htlv	Targeted HTLV TCL	targeted_htlv_tcl_TCL330-PD_S03	HTLV1	178
targeted_htlv	Targeted HTLV TCL	targeted_htlv_tcl_TCL330-PD_S03	HTLV2	0
targeted_htlv	Targeted HTLV TCL	targeted_htlv_tcl_TCL330-PD_S03	HIV1	0
targeted_htlv	Targeted HTLV TCL	targeted_htlv_tcl_TCL330-PD_S03	HIV2	0
targeted_htlv	Targeted HTLV TCL	targeted_htlv_tcl_TCL330-PD_S03	HERV	0
targeted_htlv	Targeted HTLV TCL	targeted_htlv_tcl_TCL307-P1_S04	HTLV1	173
targeted_htlv	Targeted HTLV TCL	targeted_htlv_tcl_TCL307-P1_S04	HTLV2	0
targeted_htlv	Targeted HTLV TCL	targeted_htlv_tcl_TCL307-P1_S04	HIV1	0
targeted_htlv	Targeted HTLV TCL	targeted_htlv_tcl_TCL307-P1_S04	HIV2	0
targeted_htlv	Targeted HTLV TCL	targeted_htlv_tcl_TCL307-P1_S04	HERV	0
targeted_htlv	Targeted HTLV TCL	targeted_htlv_tcl_TCL304-P1_S01	HTLV1	172
targeted_htlv	Targeted HTLV TCL	targeted_htlv_tcl_TCL304-P1_S01	HTLV2	0
targeted_htlv	Targeted HTLV TCL	targeted_htlv_tcl_TCL304-P1_S01	HIV1	0
targeted_htlv	Targeted HTLV TCL	targeted_htlv_tcl_TCL304-P1_S01	HIV2	0
targeted_htlv	Targeted HTLV TCL	targeted_htlv_tcl_TCL304-P1_S01	HERV	0
targeted_htlv	Targeted HTLV TCL	targeted_htlv_tcl_TCL223-C1_S01	HTLV1	164
targeted_htlv	Targeted HTLV TCL	targeted_htlv_tcl_TCL223-C1_S01	HTLV2	0
targeted_htlv	Targeted HTLV TCL	targeted_htlv_tcl_TCL223-C1_S01	HIV1	0
targeted_htlv	Targeted HTLV TCL	targeted_htlv_tcl_TCL223-C1_S01	HIV2	0
targeted_htlv	Targeted HTLV TCL	targeted_htlv_tcl_TCL223-C1_S01	HERV	0
targeted_htlv	Targeted HTLV TCL	targeted_htlv_tcl_TCL307-P5_S05	HTLV1	85
targeted_htlv	Targeted HTLV TCL	targeted_htlv_tcl_TCL307-P5_S05	HTLV2	0
targeted_htlv	Targeted HTLV TCL	targeted_htlv_tcl_TCL307-P5_S05	HIV1	0
targeted_htlv	Targeted HTLV TCL	targeted_htlv_tcl_TCL307-P5_S05	HIV2	0
targeted_htlv	Targeted HTLV TCL	targeted_htlv_tcl_TCL307-P5_S05	HERV	0
targeted_htlv	Targeted HTLV TCL	targeted_htlv_tcl_TCL308-P10_S03	HTLV1	40
targeted_htlv	Targeted HTLV TCL	targeted_htlv_tcl_TCL308-P10_S03	HTLV2	0
targeted_htlv	Targeted HTLV TCL	targeted_htlv_tcl_TCL308-P10_S03	HIV1	0
targeted_htlv	Targeted HTLV TCL	targeted_htlv_tcl_TCL308-P10_S03	HIV2	0
targeted_htlv	Targeted HTLV TCL	targeted_htlv_tcl_TCL308-P10_S03	HERV	0
targeted_htlv	Targeted HTLV TCL	targeted_htlv_tcl_TCL308-PE_S01	HTLV1	27
targeted_htlv	Targeted HTLV TCL	targeted_htlv_tcl_TCL308-PE_S01	HTLV2	0
targeted_htlv	Targeted HTLV TCL	targeted_htlv_tcl_TCL308-PE_S01	HIV1	0
targeted_htlv	Targeted HTLV TCL	targeted_htlv_tcl_TCL308-PE_S01	HIV2	0
targeted_htlv	Targeted HTLV TCL	targeted_htlv_tcl_TCL308-PE_S01	HERV	0
targeted_htlv	Targeted HTLV TCL	targeted_htlv_tcl_TCL306-P10_S01	HTLV1	7
targeted_htlv	Targeted HTLV TCL	targeted_htlv_tcl_TCL306-P10_S01	HTLV2	0
targeted_htlv	Targeted HTLV TCL	targeted_htlv_tcl_TCL306-P10_S01	HIV1	0
targeted_htlv	Targeted HTLV TCL	targeted_htlv_tcl_TCL306-P10_S01	HIV2	0
targeted_htlv	Targeted HTLV TCL	targeted_htlv_tcl_TCL306-P10_S01	HERV	0
targeted_htlv	Targeted HTLV TCL	targeted_htlv_tcl_TCL242-C2_S04	HTLV1	0
targeted_htlv	Targeted HTLV TCL	targeted_htlv_tcl_TCL242-C2_S04	HTLV2	0
targeted_htlv	Targeted HTLV TCL	targeted_htlv_tcl_TCL242-C2_S04	HIV1	0
targeted_htlv	Targeted HTLV TCL	targeted_htlv_tcl_TCL242-C2_S04	HIV2	0
targeted_htlv	Targeted HTLV TCL	targeted_htlv_tcl_TCL242-C2_S04	HERV	0
HIV_WGS	WGS HIV+ DLBCL/BL	wgs_60samples_hiv_hl_HIV001-FUL_S20	HTLV1	0
HIV_WGS	WGS HIV+ DLBCL/BL	wgs_60samples_hiv_hl_HIV001-FUL_S20	HTLV2	0
HIV_WGS	WGS HIV+ DLBCL/BL	wgs_60samples_hiv_hl_HIV001-FUL_S20	HIV1	0
HIV_WGS	WGS HIV+ DLBCL/BL	wgs_60samples_hiv_hl_HIV001-FUL_S20	HIV2	0
HIV_WGS	WGS HIV+ DLBCL/BL	wgs_60samples_hiv_hl_HIV001-FUL_S20	HERV	0
HIV_WGS	WGS HIV+ DLBCL/BL	wgs_60samples_hiv_hl_HIV001-P1_S01	HTLV1	0
HIV_WGS	WGS HIV+ DLBCL/BL	wgs_60samples_hiv_hl_HIV001-P1_S01	HTLV2	0
HIV_WGS	WGS HIV+ DLBCL/BL	wgs_60samples_hiv_hl_HIV001-P1_S01	HIV1	0
HIV_WGS	WGS HIV+ DLBCL/BL	wgs_60samples_hiv_hl_HIV001-P1_S01	HIV2	0
HIV_WGS	WGS HIV+ DLBCL/BL	wgs_60samples_hiv_hl_HIV001-P1_S01	HERV	0
HIV_WGS	WGS HIV+ DLBCL/BL	wgs_60samples_hiv_hl_HIV002-C2_S05	HTLV1	0
HIV_WGS	WGS HIV+ DLBCL/BL	wgs_60samples_hiv_hl_HIV002-C2_S05	HTLV2	0
HIV_WGS	WGS HIV+ DLBCL/BL	wgs_60samples_hiv_hl_HIV002-C2_S05	HIV1	0
HIV_WGS	WGS HIV+ DLBCL/BL	wgs_60samples_hiv_hl_HIV002-C2_S05	HIV2	0
HIV_WGS	WGS HIV+ DLBCL/BL	wgs_60samples_hiv_hl_HIV002-C2_S05	HERV	0
HIV_WGS	WGS HIV+ DLBCL/BL	wgs_60samples_hiv_hl_HIV002-FUL_S21	HTLV1	0
HIV_WGS	WGS HIV+ DLBCL/BL	wgs_60samples_hiv_hl_HIV002-FUL_S21	HTLV2	0
HIV_WGS	WGS HIV+ DLBCL/BL	wgs_60samples_hiv_hl_HIV002-FUL_S21	HIV1	0
HIV_WGS	WGS HIV+ DLBCL/BL	wgs_60samples_hiv_hl_HIV002-FUL_S21	HIV2	0
HIV_WGS	WGS HIV+ DLBCL/BL	wgs_60samples_hiv_hl_HIV002-FUL_S21	HERV	0
HIV_WGS	WGS HIV+ DLBCL/BL	wgs_60samples_hiv_hl_HIV002-P1_S02	HTLV1	0
HIV_WGS	WGS HIV+ DLBCL/BL	wgs_60samples_hiv_hl_HIV002-P1_S02	HTLV2	0
HIV_WGS	WGS HIV+ DLBCL/BL	wgs_60samples_hiv_hl_HIV002-P1_S02	HIV1	0
HIV_WGS	WGS HIV+ DLBCL/BL	wgs_60samples_hiv_hl_HIV002-P1_S02	HIV2	0
HIV_WGS	WGS HIV+ DLBCL/BL	wgs_60samples_hiv_hl_HIV002-P1_S02	HERV	0
HIV_WGS	WGS HIV+ DLBCL/BL	wgs_60samples_hiv_hl_HIV003-EOT_S22	HTLV1	0
HIV_WGS	WGS HIV+ DLBCL/BL	wgs_60samples_hiv_hl_HIV003-EOT_S22	HTLV2	0
HIV_WGS	WGS HIV+ DLBCL/BL	wgs_60samples_hiv_hl_HIV003-EOT_S22	HIV1	0
HIV_WGS	WGS HIV+ DLBCL/BL	wgs_60samples_hiv_hl_HIV003-EOT_S22	HIV2	0
HIV_WGS	WGS HIV+ DLBCL/BL	wgs_60samples_hiv_hl_HIV003-EOT_S22	HERV	0
HIV_WGS	WGS HIV+ DLBCL/BL	wgs_60samples_hiv_hl_HIV004-FU4_S25	HTLV1	0
HIV_WGS	WGS HIV+ DLBCL/BL	wgs_60samples_hiv_hl_HIV004-FU4_S25	HTLV2	0
HIV_WGS	WGS HIV+ DLBCL/BL	wgs_60samples_hiv_hl_HIV004-FU4_S25	HIV1	0
HIV_WGS	WGS HIV+ DLBCL/BL	wgs_60samples_hiv_hl_HIV004-FU4_S25	HIV2	0
HIV_WGS	WGS HIV+ DLBCL/BL	wgs_60samples_hiv_hl_HIV004-FU4_S25	HERV	0
HIV_WGS	WGS HIV+ DLBCL/BL	wgs_60samples_hiv_hl_HIV004-P1_S11	HTLV1	0
HIV_WGS	WGS HIV+ DLBCL/BL	wgs_60samples_hiv_hl_HIV004-P1_S11	HTLV2	0
HIV_WGS	WGS HIV+ DLBCL/BL	wgs_60samples_hiv_hl_HIV004-P1_S11	HIV1	0
HIV_WGS	WGS HIV+ DLBCL/BL	wgs_60samples_hiv_hl_HIV004-P1_S11	HIV2	0
HIV_WGS	WGS HIV+ DLBCL/BL	wgs_60samples_hiv_hl_HIV004-P1_S11	HERV	4
HIV_WGS	WGS HIV+ DLBCL/BL	wgs_60samples_hiv_hl_HIV006-P1_S01	HTLV1	0
HIV_WGS	WGS HIV+ DLBCL/BL	wgs_60samples_hiv_hl_HIV006-P1_S01	HTLV2	0
HIV_WGS	WGS HIV+ DLBCL/BL	wgs_60samples_hiv_hl_HIV006-P1_S01	HIV1	2
HIV_WGS	WGS HIV+ DLBCL/BL	wgs_60samples_hiv_hl_HIV006-P1_S01	HIV2	0
HIV_WGS	WGS HIV+ DLBCL/BL	wgs_60samples_hiv_hl_HIV006-P1_S01	HERV	0
HIV_WGS	WGS HIV+ DLBCL/BL	wgs_60samples_hiv_hl_HIV008-C6_S28	HTLV1	0
HIV_WGS	WGS HIV+ DLBCL/BL	wgs_60samples_hiv_hl_HIV008-C6_S28	HTLV2	0
HIV_WGS	WGS HIV+ DLBCL/BL	wgs_60samples_hiv_hl_HIV008-C6_S28	HIV1	0
HIV_WGS	WGS HIV+ DLBCL/BL	wgs_60samples_hiv_hl_HIV008-C6_S28	HIV2	0
HIV_WGS	WGS HIV+ DLBCL/BL	wgs_60samples_hiv_hl_HIV008-C6_S28	HERV	2
HIV_WGS	WGS HIV+ DLBCL/BL	wgs_60samples_hiv_hl_HIV009-FU2_S19	HTLV1	0
HIV_WGS	WGS HIV+ DLBCL/BL	wgs_60samples_hiv_hl_HIV009-FU2_S19	HTLV2	0
HIV_WGS	WGS HIV+ DLBCL/BL	wgs_60samples_hiv_hl_HIV009-FU2_S19	HIV1	0
HIV_WGS	WGS HIV+ DLBCL/BL	wgs_60samples_hiv_hl_HIV009-FU2_S19	HIV2	0
HIV_WGS	WGS HIV+ DLBCL/BL	wgs_60samples_hiv_hl_HIV009-FU2_S19	HERV	0
HIV_WGS	WGS HIV+ DLBCL/BL	wgs_60samples_hiv_hl_HIV009-P1_S16	HTLV1	0
HIV_WGS	WGS HIV+ DLBCL/BL	wgs_60samples_hiv_hl_HIV009-P1_S16	HTLV2	0
HIV_WGS	WGS HIV+ DLBCL/BL	wgs_60samples_hiv_hl_HIV009-P1_S16	HIV1	0
HIV_WGS	WGS HIV+ DLBCL/BL	wgs_60samples_hiv_hl_HIV009-P1_S16	HIV2	0
HIV_WGS	WGS HIV+ DLBCL/BL	wgs_60samples_hiv_hl_HIV009-P1_S16	HERV	0
HIV_WGS	WGS HIV+ DLBCL/BL	wgs_60samples_hiv_hl_HIV011-P1_S09	HTLV1	0
HIV_WGS	WGS HIV+ DLBCL/BL	wgs_60samples_hiv_hl_HIV011-P1_S09	HTLV2	0
HIV_WGS	WGS HIV+ DLBCL/BL	wgs_60samples_hiv_hl_HIV011-P1_S09	HIV1	0
HIV_WGS	WGS HIV+ DLBCL/BL	wgs_60samples_hiv_hl_HIV011-P1_S09	HIV2	0
HIV_WGS	WGS HIV+ DLBCL/BL	wgs_60samples_hiv_hl_HIV011-P1_S09	HERV	3
HIV_WGS	WGS HIV+ DLBCL/BL	wgs_60samples_hiv_hl_HIV012-P1_S04	HTLV1	0
HIV_WGS	WGS HIV+ DLBCL/BL	wgs_60samples_hiv_hl_HIV012-P1_S04	HTLV2	0
HIV_WGS	WGS HIV+ DLBCL/BL	wgs_60samples_hiv_hl_HIV012-P1_S04	HIV1	0
HIV_WGS	WGS HIV+ DLBCL/BL	wgs_60samples_hiv_hl_HIV012-P1_S04	HIV2	0
HIV_WGS	WGS HIV+ DLBCL/BL	wgs_60samples_hiv_hl_HIV012-P1_S04	HERV	0
HIV_WGS	WGS HIV+ DLBCL/BL	wgs_60samples_hiv_hl_HIV013-FU1_S12	HTLV1	0
HIV_WGS	WGS HIV+ DLBCL/BL	wgs_60samples_hiv_hl_HIV013-FU1_S12	HTLV2	0
HIV_WGS	WGS HIV+ DLBCL/BL	wgs_60samples_hiv_hl_HIV013-FU1_S12	HIV1	0
HIV_WGS	WGS HIV+ DLBCL/BL	wgs_60samples_hiv_hl_HIV013-FU1_S12	HIV2	0
HIV_WGS	WGS HIV+ DLBCL/BL	wgs_60samples_hiv_hl_HIV013-FU1_S12	HERV	3
HIV_WGS	WGS HIV+ DLBCL/BL	wgs_60samples_hiv_hl_HIV017-C2_S07	HTLV1	0
HIV_WGS	WGS HIV+ DLBCL/BL	wgs_60samples_hiv_hl_HIV017-C2_S07	HTLV2	0
HIV_WGS	WGS HIV+ DLBCL/BL	wgs_60samples_hiv_hl_HIV017-C2_S07	HIV1	0
HIV_WGS	WGS HIV+ DLBCL/BL	wgs_60samples_hiv_hl_HIV017-C2_S07	HIV2	0
HIV_WGS	WGS HIV+ DLBCL/BL	wgs_60samples_hiv_hl_HIV017-C2_S07	HERV	0
HIV_WGS	WGS HIV+ DLBCL/BL	wgs_60samples_hiv_hl_HIV018-C4_S23	HTLV1	0
HIV_WGS	WGS HIV+ DLBCL/BL	wgs_60samples_hiv_hl_HIV018-C4_S23	HTLV2	0
HIV_WGS	WGS HIV+ DLBCL/BL	wgs_60samples_hiv_hl_HIV018-C4_S23	HIV1	0
HIV_WGS	WGS HIV+ DLBCL/BL	wgs_60samples_hiv_hl_HIV018-C4_S23	HIV2	0
HIV_WGS	WGS HIV+ DLBCL/BL	wgs_60samples_hiv_hl_HIV018-C4_S23	HERV	0
HIV_WGS	WGS HIV+ DLBCL/BL	wgs_60samples_hiv_hl_HIV020-FU1_S18	HTLV1	0
HIV_WGS	WGS HIV+ DLBCL/BL	wgs_60samples_hiv_hl_HIV020-FU1_S18	HTLV2	0
HIV_WGS	WGS HIV+ DLBCL/BL	wgs_60samples_hiv_hl_HIV020-FU1_S18	HIV1	0
HIV_WGS	WGS HIV+ DLBCL/BL	wgs_60samples_hiv_hl_HIV020-FU1_S18	HIV2	0
HIV_WGS	WGS HIV+ DLBCL/BL	wgs_60samples_hiv_hl_HIV020-FU1_S18	HERV	0
HIV_WGS	WGS HIV+ DLBCL/BL	wgs_60samples_hiv_hl_HIV021-P1_S03	HTLV1	0
HIV_WGS	WGS HIV+ DLBCL/BL	wgs_60samples_hiv_hl_HIV021-P1_S03	HTLV2	0
HIV_WGS	WGS HIV+ DLBCL/BL	wgs_60samples_hiv_hl_HIV021-P1_S03	HIV1	0
HIV_WGS	WGS HIV+ DLBCL/BL	wgs_60samples_hiv_hl_HIV021-P1_S03	HIV2	0
HIV_WGS	WGS HIV+ DLBCL/BL	wgs_60samples_hiv_hl_HIV021-P1_S03	HERV	0
HIV_WGS	WGS HIV+ DLBCL/BL	wgs_60samples_hiv_hl_HIV023-P1_S10	HTLV1	0
HIV_WGS	WGS HIV+ DLBCL/BL	wgs_60samples_hiv_hl_HIV023-P1_S10	HTLV2	0
HIV_WGS	WGS HIV+ DLBCL/BL	wgs_60samples_hiv_hl_HIV023-P1_S10	HIV1	0
HIV_WGS	WGS HIV+ DLBCL/BL	wgs_60samples_hiv_hl_HIV023-P1_S10	HIV2	0
HIV_WGS	WGS HIV+ DLBCL/BL	wgs_60samples_hiv_hl_HIV023-P1_S10	HERV	4
HIV_WGS	WGS HIV+ DLBCL/BL	wgs_60samples_hiv_hl_HIV024-FU1_S21	HTLV1	0
HIV_WGS	WGS HIV+ DLBCL/BL	wgs_60samples_hiv_hl_HIV024-FU1_S21	HTLV2	0
HIV_WGS	WGS HIV+ DLBCL/BL	wgs_60samples_hiv_hl_HIV024-FU1_S21	HIV1	0
HIV_WGS	WGS HIV+ DLBCL/BL	wgs_60samples_hiv_hl_HIV024-FU1_S21	HIV2	0
HIV_WGS	WGS HIV+ DLBCL/BL	wgs_60samples_hiv_hl_HIV024-FU1_S21	HERV	0
HIV_WGS	WGS HIV+ DLBCL/BL	wgs_60samples_hiv_hl_HIV031-C4_S24	HTLV1	0
HIV_WGS	WGS HIV+ DLBCL/BL	wgs_60samples_hiv_hl_HIV031-C4_S24	HTLV2	0
HIV_WGS	WGS HIV+ DLBCL/BL	wgs_60samples_hiv_hl_HIV031-C4_S24	HIV1	0
HIV_WGS	WGS HIV+ DLBCL/BL	wgs_60samples_hiv_hl_HIV031-C4_S24	HIV2	0
HIV_WGS	WGS HIV+ DLBCL/BL	wgs_60samples_hiv_hl_HIV031-C4_S24	HERV	0
HIV_WGS	WGS HIV+ DLBCL/BL	wgs_60samples_hiv_hl_HIV032-FU2_S23	HTLV1	0
HIV_WGS	WGS HIV+ DLBCL/BL	wgs_60samples_hiv_hl_HIV032-FU2_S23	HTLV2	0
HIV_WGS	WGS HIV+ DLBCL/BL	wgs_60samples_hiv_hl_HIV032-FU2_S23	HIV1	2
HIV_WGS	WGS HIV+ DLBCL/BL	wgs_60samples_hiv_hl_HIV032-FU2_S23	HIV2	0
HIV_WGS	WGS HIV+ DLBCL/BL	wgs_60samples_hiv_hl_HIV032-FU2_S23	HERV	0
HIV_WGS	WGS HIV+ DLBCL/BL	wgs_60samples_hiv_hl_HIV032-P1_S20	HTLV1	0
HIV_WGS	WGS HIV+ DLBCL/BL	wgs_60samples_hiv_hl_HIV032-P1_S20	HTLV2	0
HIV_WGS	WGS HIV+ DLBCL/BL	wgs_60samples_hiv_hl_HIV032-P1_S20	HIV1	0
HIV_WGS	WGS HIV+ DLBCL/BL	wgs_60samples_hiv_hl_HIV032-P1_S20	HIV2	0
HIV_WGS	WGS HIV+ DLBCL/BL	wgs_60samples_hiv_hl_HIV032-P1_S20	HERV	0
HIV_WGS	WGS HIV+ DLBCL/BL	wgs_60samples_hiv_hl_HIV033-C2_S29	HTLV1	0
HIV_WGS	WGS HIV+ DLBCL/BL	wgs_60samples_hiv_hl_HIV033-C2_S29	HTLV2	0
HIV_WGS	WGS HIV+ DLBCL/BL	wgs_60samples_hiv_hl_HIV033-C2_S29	HIV1	0
HIV_WGS	WGS HIV+ DLBCL/BL	wgs_60samples_hiv_hl_HIV033-C2_S29	HIV2	0
HIV_WGS	WGS HIV+ DLBCL/BL	wgs_60samples_hiv_hl_HIV033-C2_S29	HERV	0
HIV_WGS	WGS HIV+ DLBCL/BL	wgs_60samples_hiv_hl_HIV033-P1_S18	HTLV1	0
HIV_WGS	WGS HIV+ DLBCL/BL	wgs_60samples_hiv_hl_HIV033-P1_S18	HTLV2	0
HIV_WGS	WGS HIV+ DLBCL/BL	wgs_60samples_hiv_hl_HIV033-P1_S18	HIV1	0
HIV_WGS	WGS HIV+ DLBCL/BL	wgs_60samples_hiv_hl_HIV033-P1_S18	HIV2	0
HIV_WGS	WGS HIV+ DLBCL/BL	wgs_60samples_hiv_hl_HIV033-P1_S18	HERV	0
HIV_WGS	WGS HIV+ DLBCL/BL	wgs_60samples_hiv_hl_HIV034-P1_S13	HTLV1	0
HIV_WGS	WGS HIV+ DLBCL/BL	wgs_60samples_hiv_hl_HIV034-P1_S13	HTLV2	0
HIV_WGS	WGS HIV+ DLBCL/BL	wgs_60samples_hiv_hl_HIV034-P1_S13	HIV1	0
HIV_WGS	WGS HIV+ DLBCL/BL	wgs_60samples_hiv_hl_HIV034-P1_S13	HIV2	0
HIV_WGS	WGS HIV+ DLBCL/BL	wgs_60samples_hiv_hl_HIV034-P1_S13	HERV	0
HIV_WGS	WGS HIV+ DLBCL/BL	wgs_60samples_hiv_hl_HIV041-FU1_S05	HTLV1	0
HIV_WGS	WGS HIV+ DLBCL/BL	wgs_60samples_hiv_hl_HIV041-FU1_S05	HTLV2	0
HIV_WGS	WGS HIV+ DLBCL/BL	wgs_60samples_hiv_hl_HIV041-FU1_S05	HIV1	0
HIV_WGS	WGS HIV+ DLBCL/BL	wgs_60samples_hiv_hl_HIV041-FU1_S05	HIV2	0
HIV_WGS	WGS HIV+ DLBCL/BL	wgs_60samples_hiv_hl_HIV041-FU1_S05	HERV	23
HIV_WGS	WGS HIV+ DLBCL/BL	wgs_60samples_hiv_hl_HIV043-P1_S19	HTLV1	0
HIV_WGS	WGS HIV+ DLBCL/BL	wgs_60samples_hiv_hl_HIV043-P1_S19	HTLV2	0
HIV_WGS	WGS HIV+ DLBCL/BL	wgs_60samples_hiv_hl_HIV043-P1_S19	HIV1	0
HIV_WGS	WGS HIV+ DLBCL/BL	wgs_60samples_hiv_hl_HIV043-P1_S19	HIV2	0
HIV_WGS	WGS HIV+ DLBCL/BL	wgs_60samples_hiv_hl_HIV043-P1_S19	HERV	0
HIV_WGS	WGS HIV+ DLBCL/BL	wgs_60samples_hiv_hl_HIV044-FU1_S06	HTLV1	0
HIV_WGS	WGS HIV+ DLBCL/BL	wgs_60samples_hiv_hl_HIV044-FU1_S06	HTLV2	0
HIV_WGS	WGS HIV+ DLBCL/BL	wgs_60samples_hiv_hl_HIV044-FU1_S06	HIV1	0
HIV_WGS	WGS HIV+ DLBCL/BL	wgs_60samples_hiv_hl_HIV044-FU1_S06	HIV2	0
HIV_WGS	WGS HIV+ DLBCL/BL	wgs_60samples_hiv_hl_HIV044-FU1_S06	HERV	0
HIV_WGS	WGS HIV+ DLBCL/BL	wgs_60samples_hiv_hl_HIV045-C4_S22	HTLV1	0
HIV_WGS	WGS HIV+ DLBCL/BL	wgs_60samples_hiv_hl_HIV045-C4_S22	HTLV2	0
HIV_WGS	WGS HIV+ DLBCL/BL	wgs_60samples_hiv_hl_HIV045-C4_S22	HIV1	0
HIV_WGS	WGS HIV+ DLBCL/BL	wgs_60samples_hiv_hl_HIV045-C4_S22	HIV2	0
HIV_WGS	WGS HIV+ DLBCL/BL	wgs_60samples_hiv_hl_HIV045-C4_S22	HERV	1
HIV_WGS	WGS HIV+ DLBCL/BL	wgs_60samples_hiv_hl_HIV046-FUL_S14	HTLV1	0
HIV_WGS	WGS HIV+ DLBCL/BL	wgs_60samples_hiv_hl_HIV046-FUL_S14	HTLV2	0
HIV_WGS	WGS HIV+ DLBCL/BL	wgs_60samples_hiv_hl_HIV046-FUL_S14	HIV1	0
HIV_WGS	WGS HIV+ DLBCL/BL	wgs_60samples_hiv_hl_HIV046-FUL_S14	HIV2	0
HIV_WGS	WGS HIV+ DLBCL/BL	wgs_60samples_hiv_hl_HIV046-FUL_S14	HERV	5
HIV_WGS	WGS HIV+ DLBCL/BL	wgs_60samples_hiv_hl_HIV049-C5_S09	HTLV1	0
HIV_WGS	WGS HIV+ DLBCL/BL	wgs_60samples_hiv_hl_HIV049-C5_S09	HTLV2	0
HIV_WGS	WGS HIV+ DLBCL/BL	wgs_60samples_hiv_hl_HIV049-C5_S09	HIV1	0
HIV_WGS	WGS HIV+ DLBCL/BL	wgs_60samples_hiv_hl_HIV049-C5_S09	HIV2	0
HIV_WGS	WGS HIV+ DLBCL/BL	wgs_60samples_hiv_hl_HIV049-C5_S09	HERV	0
HIV_WGS	WGS HIV+ DLBCL/BL	wgs_60samples_hiv_hl_HIV050-C5_S10	HTLV1	0
HIV_WGS	WGS HIV+ DLBCL/BL	wgs_60samples_hiv_hl_HIV050-C5_S10	HTLV2	0
HIV_WGS	WGS HIV+ DLBCL/BL	wgs_60samples_hiv_hl_HIV050-C5_S10	HIV1	0
HIV_WGS	WGS HIV+ DLBCL/BL	wgs_60samples_hiv_hl_HIV050-C5_S10	HIV2	0
HIV_WGS	WGS HIV+ DLBCL/BL	wgs_60samples_hiv_hl_HIV050-C5_S10	HERV	0
HIV_WGS	WGS HIV+ DLBCL/BL	wgs_60samples_hiv_hl_HIV054-FUL_S27	HTLV1	0
HIV_WGS	WGS HIV+ DLBCL/BL	wgs_60samples_hiv_hl_HIV054-FUL_S27	HTLV2	0
HIV_WGS	WGS HIV+ DLBCL/BL	wgs_60samples_hiv_hl_HIV054-FUL_S27	HIV1	0
HIV_WGS	WGS HIV+ DLBCL/BL	wgs_60samples_hiv_hl_HIV054-FUL_S27	HIV2	0
HIV_WGS	WGS HIV+ DLBCL/BL	wgs_60samples_hiv_hl_HIV054-FUL_S27	HERV	0
HIV_WGS	WGS HIV+ DLBCL/BL	wgs_60samples_hiv_hl_HIV056-C3_S13	HTLV1	0
HIV_WGS	WGS HIV+ DLBCL/BL	wgs_60samples_hiv_hl_HIV056-C3_S13	HTLV2	0
HIV_WGS	WGS HIV+ DLBCL/BL	wgs_60samples_hiv_hl_HIV056-C3_S13	HIV1	0
HIV_WGS	WGS HIV+ DLBCL/BL	wgs_60samples_hiv_hl_HIV056-C3_S13	HIV2	0
HIV_WGS	WGS HIV+ DLBCL/BL	wgs_60samples_hiv_hl_HIV056-C3_S13	HERV	0
HIV_WGS	WGS HIV+ DLBCL/BL	wgs_60samples_hiv_hl_HIV064-P1_S17	HTLV1	0
HIV_WGS	WGS HIV+ DLBCL/BL	wgs_60samples_hiv_hl_HIV064-P1_S17	HTLV2	0
HIV_WGS	WGS HIV+ DLBCL/BL	wgs_60samples_hiv_hl_HIV064-P1_S17	HIV1	0
HIV_WGS	WGS HIV+ DLBCL/BL	wgs_60samples_hiv_hl_HIV064-P1_S17	HIV2	0
HIV_WGS	WGS HIV+ DLBCL/BL	wgs_60samples_hiv_hl_HIV064-P1_S17	HERV	6
HL_control	WGS HL controls	wgs_60samples_hiv_hl_HL344-P1_S08	HTLV1	0
HL_control	WGS HL controls	wgs_60samples_hiv_hl_HL344-P1_S08	HTLV2	0
HL_control	WGS HL controls	wgs_60samples_hiv_hl_HL344-P1_S08	HIV1	0
HL_control	WGS HL controls	wgs_60samples_hiv_hl_HL344-P1_S08	HIV2	0
HL_control	WGS HL controls	wgs_60samples_hiv_hl_HL344-P1_S08	HERV	0
HL_control	WGS HL controls	wgs_60samples_hiv_hl_HL350-P1_S02	HTLV1	0
HL_control	WGS HL controls	wgs_60samples_hiv_hl_HL350-P1_S02	HTLV2	0
HL_control	WGS HL controls	wgs_60samples_hiv_hl_HL350-P1_S02	HIV1	0
HL_control	WGS HL controls	wgs_60samples_hiv_hl_HL350-P1_S02	HIV2	0
HL_control	WGS HL controls	wgs_60samples_hiv_hl_HL350-P1_S02	HERV	0
HL_control	WGS HL controls	wgs_60samples_hiv_hl_HL389-P1_S14	HTLV1	0
HL_control	WGS HL controls	wgs_60samples_hiv_hl_HL389-P1_S14	HTLV2	0
HL_control	WGS HL controls	wgs_60samples_hiv_hl_HL389-P1_S14	HIV1	0
HL_control	WGS HL controls	wgs_60samples_hiv_hl_HL389-P1_S14	HIV2	0
HL_control	WGS HL controls	wgs_60samples_hiv_hl_HL389-P1_S14	HERV	2
HL_control	WGS HL controls	wgs_60samples_hiv_hl_HL390-P1_S15	HTLV1	0
HL_control	WGS HL controls	wgs_60samples_hiv_hl_HL390-P1_S15	HTLV2	0
HL_control	WGS HL controls	wgs_60samples_hiv_hl_HL390-P1_S15	HIV1	0
HL_control	WGS HL controls	wgs_60samples_hiv_hl_HL390-P1_S15	HIV2	0
HL_control	WGS HL controls	wgs_60samples_hiv_hl_HL390-P1_S15	HERV	0
HL_control	WGS HL controls	wgs_60samples_hiv_hl_HL394-P1_S17	HTLV1	0
HL_control	WGS HL controls	wgs_60samples_hiv_hl_HL394-P1_S17	HTLV2	0
HL_control	WGS HL controls	wgs_60samples_hiv_hl_HL394-P1_S17	HIV1	0
HL_control	WGS HL controls	wgs_60samples_hiv_hl_HL394-P1_S17	HIV2	0
HL_control	WGS HL controls	wgs_60samples_hiv_hl_HL394-P1_S17	HERV	0
HL_control	WGS HL controls	wgs_60samples_hiv_hl_HL433-P1_S06	HTLV1	0
HL_control	WGS HL controls	wgs_60samples_hiv_hl_HL433-P1_S06	HTLV2	0
HL_control	WGS HL controls	wgs_60samples_hiv_hl_HL433-P1_S06	HIV1	0
HL_control	WGS HL controls	wgs_60samples_hiv_hl_HL433-P1_S06	HIV2	0
HL_control	WGS HL controls	wgs_60samples_hiv_hl_HL433-P1_S06	HERV	2
HL_control	WGS HL controls	wgs_60samples_hiv_hl_HL448-P1_S16	HTLV1	0
HL_control	WGS HL controls	wgs_60samples_hiv_hl_HL448-P1_S16	HTLV2	0
HL_control	WGS HL controls	wgs_60samples_hiv_hl_HL448-P1_S16	HIV1	0
HL_control	WGS HL controls	wgs_60samples_hiv_hl_HL448-P1_S16	HIV2	0
HL_control	WGS HL controls	wgs_60samples_hiv_hl_HL448-P1_S16	HERV	0
HL_control	WGS HL controls	wgs_60samples_hiv_hl_HL453-P1_S26	HTLV1	0
HL_control	WGS HL controls	wgs_60samples_hiv_hl_HL453-P1_S26	HTLV2	0
HL_control	WGS HL controls	wgs_60samples_hiv_hl_HL453-P1_S26	HIV1	0
HL_control	WGS HL controls	wgs_60samples_hiv_hl_HL453-P1_S26	HIV2	0
HL_control	WGS HL controls	wgs_60samples_hiv_hl_HL453-P1_S26	HERV	2
HL_control	WGS HL controls	wgs_60samples_hiv_hl_HL463-P1_S26	HTLV1	0
HL_control	WGS HL controls	wgs_60samples_hiv_hl_HL463-P1_S26	HTLV2	0
HL_control	WGS HL controls	wgs_60samples_hiv_hl_HL463-P1_S26	HIV1	0
HL_control	WGS HL controls	wgs_60samples_hiv_hl_HL463-P1_S26	HIV2	0
HL_control	WGS HL controls	wgs_60samples_hiv_hl_HL463-P1_S26	HERV	0
HL_control	WGS HL controls	wgs_60samples_hiv_hl_HL466-P1_S27	HTLV1	0
HL_control	WGS HL controls	wgs_60samples_hiv_hl_HL466-P1_S27	HTLV2	0
HL_control	WGS HL controls	wgs_60samples_hiv_hl_HL466-P1_S27	HIV1	0
HL_control	WGS HL controls	wgs_60samples_hiv_hl_HL466-P1_S27	HIV2	0
HL_control	WGS HL controls	wgs_60samples_hiv_hl_HL466-P1_S27	HERV	2
HL_control	WGS HL controls	wgs_60samples_hiv_hl_HL474-P1_S30	HTLV1	0
HL_control	WGS HL controls	wgs_60samples_hiv_hl_HL474-P1_S30	HTLV2	0
HL_control	WGS HL controls	wgs_60samples_hiv_hl_HL474-P1_S30	HIV1	0
HL_control	WGS HL controls	wgs_60samples_hiv_hl_HL474-P1_S30	HIV2	0
HL_control	WGS HL controls	wgs_60samples_hiv_hl_HL474-P1_S30	HERV	3
HL_control	WGS HL controls	wgs_60samples_hiv_hl_HL477-P1_S30	HTLV1	0
HL_control	WGS HL controls	wgs_60samples_hiv_hl_HL477-P1_S30	HTLV2	0
HL_control	WGS HL controls	wgs_60samples_hiv_hl_HL477-P1_S30	HIV1	0
HL_control	WGS HL controls	wgs_60samples_hiv_hl_HL477-P1_S30	HIV2	0
HL_control	WGS HL controls	wgs_60samples_hiv_hl_HL477-P1_S30	HERV	0
HL_control	WGS HL controls	wgs_60samples_hiv_hl_HL574-P1_S11	HTLV1	0
HL_control	WGS HL controls	wgs_60samples_hiv_hl_HL574-P1_S11	HTLV2	0
HL_control	WGS HL controls	wgs_60samples_hiv_hl_HL574-P1_S11	HIV1	0
HL_control	WGS HL controls	wgs_60samples_hiv_hl_HL574-P1_S11	HIV2	0
HL_control	WGS HL controls	wgs_60samples_hiv_hl_HL574-P1_S11	HERV	46
HL_control	WGS HL controls	wgs_60samples_hiv_hl_HL576-P1_S12	HTLV1	0
HL_control	WGS HL controls	wgs_60samples_hiv_hl_HL576-P1_S12	HTLV2	0
HL_control	WGS HL controls	wgs_60samples_hiv_hl_HL576-P1_S12	HIV1	0
HL_control	WGS HL controls	wgs_60samples_hiv_hl_HL576-P1_S12	HIV2	0
HL_control	WGS HL controls	wgs_60samples_hiv_hl_HL576-P1_S12	HERV	0
HL_control	WGS HL controls	wgs_60samples_hiv_hl_HL600-P1_S24	HTLV1	0
HL_control	WGS HL controls	wgs_60samples_hiv_hl_HL600-P1_S24	HTLV2	0
HL_control	WGS HL controls	wgs_60samples_hiv_hl_HL600-P1_S24	HIV1	0
HL_control	WGS HL controls	wgs_60samples_hiv_hl_HL600-P1_S24	HIV2	0
HL_control	WGS HL controls	wgs_60samples_hiv_hl_HL600-P1_S24	HERV	0
HL_control	WGS HL controls	wgs_60samples_hiv_hl_HL601-P1_S25	HTLV1	0
HL_control	WGS HL controls	wgs_60samples_hiv_hl_HL601-P1_S25	HTLV2	0
HL_control	WGS HL controls	wgs_60samples_hiv_hl_HL601-P1_S25	HIV1	0
HL_control	WGS HL controls	wgs_60samples_hiv_hl_HL601-P1_S25	HIV2	0
HL_control	WGS HL controls	wgs_60samples_hiv_hl_HL601-P1_S25	HERV	0
HL_control	WGS HL controls	wgs_60samples_hiv_hl_HL604-P1_S04	HTLV1	0
HL_control	WGS HL controls	wgs_60samples_hiv_hl_HL604-P1_S04	HTLV2	0
HL_control	WGS HL controls	wgs_60samples_hiv_hl_HL604-P1_S04	HIV1	0
HL_control	WGS HL controls	wgs_60samples_hiv_hl_HL604-P1_S04	HIV2	0
HL_control	WGS HL controls	wgs_60samples_hiv_hl_HL604-P1_S04	HERV	2
HL_control	WGS HL controls	wgs_60samples_hiv_hl_HL614-P1_S29	HTLV1	0
HL_control	WGS HL controls	wgs_60samples_hiv_hl_HL614-P1_S29	HTLV2	0
HL_control	WGS HL controls	wgs_60samples_hiv_hl_HL614-P1_S29	HIV1	0
HL_control	WGS HL controls	wgs_60samples_hiv_hl_HL614-P1_S29	HIV2	0
HL_control	WGS HL controls	wgs_60samples_hiv_hl_HL614-P1_S29	HERV	0
HL_control	WGS HL controls	wgs_60samples_hiv_hl_HL615-P1_S15	HTLV1	0
HL_control	WGS HL controls	wgs_60samples_hiv_hl_HL615-P1_S15	HTLV2	0
HL_control	WGS HL controls	wgs_60samples_hiv_hl_HL615-P1_S15	HIV1	0
HL_control	WGS HL controls	wgs_60samples_hiv_hl_HL615-P1_S15	HIV2	0
HL_control	WGS HL controls	wgs_60samples_hiv_hl_HL615-P1_S15	HERV	0
HL_control	WGS HL controls	wgs_60samples_hiv_hl_HL620-P1_S03	HTLV1	0
HL_control	WGS HL controls	wgs_60samples_hiv_hl_HL620-P1_S03	HTLV2	0
HL_control	WGS HL controls	wgs_60samples_hiv_hl_HL620-P1_S03	HIV1	0
HL_control	WGS HL controls	wgs_60samples_hiv_hl_HL620-P1_S03	HIV2	0
HL_control	WGS HL controls	wgs_60samples_hiv_hl_HL620-P1_S03	HERV	2
HL_control	WGS HL controls	wgs_60samples_hiv_hl_HL627-P1_S08	HTLV1	0
HL_control	WGS HL controls	wgs_60samples_hiv_hl_HL627-P1_S08	HTLV2	0
HL_control	WGS HL controls	wgs_60samples_hiv_hl_HL627-P1_S08	HIV1	0
HL_control	WGS HL controls	wgs_60samples_hiv_hl_HL627-P1_S08	HIV2	0
HL_control	WGS HL controls	wgs_60samples_hiv_hl_HL627-P1_S08	HERV	0
HL_control	WGS HL controls	wgs_60samples_hiv_hl_HL661-P1_S28	HTLV1	0
HL_control	WGS HL controls	wgs_60samples_hiv_hl_HL661-P1_S28	HTLV2	0
HL_control	WGS HL controls	wgs_60samples_hiv_hl_HL661-P1_S28	HIV1	0
HL_control	WGS HL controls	wgs_60samples_hiv_hl_HL661-P1_S28	HIV2	0
HL_control	WGS HL controls	wgs_60samples_hiv_hl_HL661-P1_S28	HERV	0
HL_control	WGS HL controls	wgs_60samples_hiv_hl_HL674-P1_S07	HTLV1	0
HL_control	WGS HL controls	wgs_60samples_hiv_hl_HL674-P1_S07	HTLV2	0
HL_control	WGS HL controls	wgs_60samples_hiv_hl_HL674-P1_S07	HIV1	0
HL_control	WGS HL controls	wgs_60samples_hiv_hl_HL674-P1_S07	HIV2	0
HL_control	WGS HL controls	wgs_60samples_hiv_hl_HL674-P1_S07	HERV	0
